	msms_score	matched_peaks	feature_id	reference_id	short_inchikey
0	0.5051306955813324	7	12	15057	KLYHONUCJQKOKE
1	0.4375755787130222	7	12	24539	IZNXOJBPRAPPOJ
2	0.5461820346222309	9	12	26040	UVFOVWYJWXIJAC
3	0.40784298989164464	9	12	29116	WLSWCEGUDFQDFD
4	0.410230768724678	7	12	38440	RSDJURKESRJBKH
5	0.47924724151713527	7	12	53454	RHAHSJPCMYFQTA
6	0.530989339546979	9	12	69078	GNJZNNZEEDDMGH
7	0.5000013919545974	7	12	69469	HVUGIQFJZPPVFK
8	0.5026940258662862	7	12	74086	FNNDBFKFZOOWCV
9	0.3998769009222674	7	12	81584	YADBCQYZMJGRIA
10	0.2612352816867495	7	12	110003	YPYRMWFNCMDUIB
11	0.46995882340316203	7	12	118127	NJDBAQRZMHKCRE
12	0.5026199313409989	8	12	119122	IPDMWUNUULAXLU
13	0.5734392682419557	7	12	164528	MZQIGQOYXJHSQQ
14	0.48674310969923595	8	12	184851	UXSYWJAMKZSQKL
15	0.39966404038146985	9	12	193589	YMIMEAOCSJOCSI
16	0.42971541592155177	8	12	207136	GXHXCHAETADHEX
17	0.5175582034626328	7	12	210082	CGMZITIDNLHWFB
18	0.3601828648069184	7	12	248277	ZDIPCNPMHFKVQK
19	0.29786871282235017	7	12	250901	ODHXQAROKZBNQO
20	0.46393477437868386	7	12	267896	NKXVDFRQVDRYOO
21	0.3243970607337147	10	15	39485	ITHUGYGPPSVHRH
22	0.2123910127678653	7	15	71664	YYYWHIHNQFMQMQ
23	0.2589587401813871	8	15	105671	JIOYIFCWGKLPBG
24	0.23358279601783957	7	15	142156	DFRAVQPOOKCGKB
25	0.36628071560070125	8	15	144827	YNEIQVIBXPNBIY
26	0.39503668180041573	11	15	228693	FHJRTYOHKRYKCK
27	0.4039425374893825	9	15	246471	XUBVCJMVRGITPS
28	0.35592407139382104	7	15	273308	LDJZVWVYPYDYHZ
29	0.2159759875296413	7	20	12080	JRAJMBPHPGGFNI
30	0.29136844761573083	7	22	15409	WXBORBNFASCHJC
31	0.6366271602563347	7	22	32167	OXKJLRMBXHKNLI
32	0.31865630367098435	8	22	52970	DHUCMVAZNHOIPY
33	0.21525990836350087	9	22	59058	HSLXLDSMIZABMH
34	0.5472283631098678	7	22	84724	NHBBYXIXBPPEDQ
35	0.2829057170852382	7	22	107199	YEEGFLYPGSPSIV
36	0.4137535582945523	9	22	162826	LCCOXVDJFONGRT
37	0.5824909761582391	7	22	185663	ZIZBTUCYEKCGKU
38	0.30680660401479215	8	22	187152	UACRRWTTYXVDEF
39	0.5648820535295123	8	22	194428	ZFSZXTDXLOPTHF
40	0.24124652635720753	8	22	200040	SLIUENOVPLCLBJ
41	0.40655661540065197	7	22	201366	QBCJFJJPTMZNOE
42	0.6505916690856653	7	22	285624	MUBJIMXCPUDRSQ
43	0.5293038314855074	8	23	65906	JSSXHAMIXJGYCS
44	0.4035259811900001	7	23	86729	VJLXSTXGGXYQCT
45	0.2705319960501675	8	40	11829	VAWDXOCBSZJIEL
46	0.2950897408177845	8	40	76494	FRESVRQONWYDRN
47	0.277994880600255	9	75	88542	TWTJIYXWWAQKGT
48	0.40244586389922943	7	75	149547	UNKISUCMCFKTBI
49	0.5945917947935707	7	77	33999	HTXOIHGJECPJIU
50	0.5808231938256194	7	77	132750	DAPBKYPJIFAAOX
51	0.5897019749923694	7	77	211474	UCXHHODCLPKTBL
52	0.2600050783527301	10	78	155976	KIIBBJKLKFTNQO
53	0.2601234810234253	7	78	244440	ABDKJICLXDSVKH
54	0.2292990077434846	9	80	39413	QFHMNFAUXJAINK
55	0.22102826792454225	7	80	73149	OBBGOBVJGCAAOZ
56	0.8660617073520348	11	80	155780	ODKSFYDXXFIFQN
57	0.576852574814529	9	80	200991	GFAXSDSHYATBAW
58	0.38274254590787843	7	81	141731	KLZGKIDSEJWEDW
59	0.5864636862650976	7	82	3380	BZIBRGSBQKLEDC
60	0.48058974925432424	7	82	6146	DWAKXSZUASEUHH
61	0.5368893140752968	9	82	65906	JSSXHAMIXJGYCS
62	0.409359520602696	8	82	86729	VJLXSTXGGXYQCT
63	0.8724075984554354	8	101	115587	ZDGJAHTZVHVLOT
64	0.5121384912194641	19	114	19433	SNEIUMQYRCDYCH
65	0.5694299263481817	8	114	54459	DHKNXMXSWDQULD
66	0.22038509294234568	8	114	70925	HNFAREZIVBKEJQ
67	0.5344422877731709	8	114	76241	AGILGFCOHSGLIT
68	0.5224241873033626	7	114	76782	ZTTDCYFRTLWVJV
69	0.6441925199004518	8	114	148954	PBDGBPMJSGCVLA
70	0.48137589102066786	7	114	218058	QDQXNKDQEKVLMZ
71	0.47420277312594306	7	114	238957	XQOAEAAPVIEAEK
72	0.5216618245042964	10	114	240854	DLCYXQODDJUHQL
73	0.32049263824692	7	130	1340	UMLRLODQOCMGPA
74	0.4160326197582466	7	130	125034	SFLSHLFXELFNJZ
75	0.3856553739908917	8	131	75860	OAWHMSFCLIYBHE
76	0.32976288731874753	8	131	149395	YVOZJYCBBUKBLG
77	0.6288089333145696	11	131	201205	SEWIYICDCVPBEW
78	0.471314418777548	12	131	280774	FCXZBWSIAGGPCB
79	0.7106856441295061	13	132	75414	JSIQVRIXMINMTA
80	0.48485227862394925	13	132	171276	GWNXFCYUJXASDX
81	0.38160314555988173	10	132	178941	BECPPKYKPSRKCP
82	0.5043989346830773	7	134	90584	BAWFJGJZGIEFAR
83	0.413108079367702	7	134	129804	IYBRISQKVANKAH
84	0.4766943218147106	7	134	212408	LFERELMXERXKKQ
85	0.28141648397657526	8	136	201047	JYGCFKIEXRCHGG
86	0.9134168964477865	8	139	39362	MMFKFJORZBJVNF
87	0.7296292080311749	9	139	102610	QNBYCZTZNOVDMI
88	0.5341531145636585	9	139	168552	XWOBNBRUDDUEEY
89	0.8901417226547634	8	139	188421	IDXZDKMBEXLFMB
90	0.4718130850294107	11	141	1982	ZPZAOBSARYZTDT
91	0.4611873441137088	9	141	25313	MHLHEINWUCSPTL
92	0.34743865662791923	7	141	30835	HBNMEXSXIIAELS
93	0.3882588153436315	11	141	42587	YUOCLCLRQZZJLM
94	0.34404193662284155	15	141	82299	VHMQQXCQKTXXLX
95	0.47736797497002104	12	141	99138	RBODBEHKWJZUBG
96	0.4119966816747007	13	141	159944	VNMNNCGXMBPWIX
97	0.48537328152011827	12	141	197917	UHZXHQGXRJYUNM
98	0.38973565969077717	7	141	201975	NBVNAFAEYGKTPJ
99	0.5025777371042254	13	141	217826	ZGVNSKWXKLPTSU
100	0.6186474657738308	7	147	23204	BKAWJIRCKVUVED
101	0.8589346123329361	10	153	219279	FFEARJCKVFRZRR
102	0.9010259213002985	16	154	284591	RWSXRVCMGQZWBV
103	0.7186712101126869	8	157	60039	LLLBVGMYOBFXHJ
104	0.6833203403732679	9	157	168557	PAAZAXUMIQKCEE
105	0.20156891805540153	8	164	10390	KSWPNAGSVMAXMO
106	0.3420479276202888	8	164	16943	YYAJJKZSQWOLIP
107	0.3085277196294316	7	164	46326	ZSQZIOBLGTWRED
108	0.5178861035531565	13	165	39066	PABVKUJVLNMOJP
109	0.20772725345085907	11	165	66119	BUXAPSQPMALTOY
110	0.8696649140278663	15	165	129763	RITKHVBHSGLULN
111	0.5691852957492936	7	167	140236	WRFPVMFCRNYQNR
112	0.5250463349087555	7	167	193266	JYPHNHPXFNEZBR
113	0.6552712249866873	8	167	208260	JZKXXXDKRQWDET
114	0.8133200010874085	8	167	222429	OUYCCCASQSFEME
115	0.22523315062970908	13	168	289363	RFMMMVDNIPUKGG
116	0.20228768948292244	7	169	13419	QBHDSQZASIBAAI
117	0.32605895311468364	9	169	33466	NGSWKAQJJWESNS
118	0.20853247422030943	10	169	71915	WOJKBHBBJMHDNJ
119	0.3892285284215557	7	169	122419	AXMVYSVVTMKQSL
120	0.23214097303261383	8	169	123075	ZAEFHXWWOCVZKR
121	0.335139788061567	9	169	166240	PMOWTIHVNWZYFI
122	0.32843813104247616	9	169	262290	KKSDGJDHHZEWEP
123	0.3121430184727326	9	171	16078	YCSFMOVBARTLBW
124	0.6229677757395174	7	175	23204	BKAWJIRCKVUVED
125	0.231607537574467	8	176	155976	KIIBBJKLKFTNQO
126	0.20513354428099073	10	186	20706	HYGGRRPFVXHQQW
127	0.511221462045514	9	186	97940	RTTNLZSXIFPCKG
128	0.3383578263654641	7	186	115824	FDYAUVKWYFEXIO
129	0.3616826065718283	7	186	139385	IENZCGNHSIMFJE
130	0.23766697841736448	14	186	142022	AMPHKYRLSOPVBX
131	0.22165993371971826	7	186	163763	NFNIRGPPIRJASP
132	0.5363695702967687	17	186	192284	OGAZLBFLUHPSRJ
133	0.34557536006719103	11	189	75860	OAWHMSFCLIYBHE
134	0.28532982258445966	10	189	149395	YVOZJYCBBUKBLG
135	0.40905222326522594	11	189	201205	SEWIYICDCVPBEW
136	0.4592933288897308	12	189	280774	FCXZBWSIAGGPCB
137	0.2506098546562635	8	196	155976	KIIBBJKLKFTNQO
138	0.2679222224622951	7	197	75860	OAWHMSFCLIYBHE
139	0.3397770607473288	7	197	201205	SEWIYICDCVPBEW
140	0.4305943591201882	8	197	280774	FCXZBWSIAGGPCB
141	0.23240690860721558	9	201	39413	QFHMNFAUXJAINK
142	0.22373131331702031	7	201	73149	OBBGOBVJGCAAOZ
143	0.8780824561957479	10	201	155780	ODKSFYDXXFIFQN
144	0.5897703173350327	9	201	200991	GFAXSDSHYATBAW
145	0.372383745337494	10	202	23728	QWEWPBRDYZVGBR
146	0.4153440402699412	8	202	75528	DGZXFJBRHFOJBC
147	0.27868108295388816	12	202	88542	TWTJIYXWWAQKGT
148	0.4045680648421787	9	202	149547	UNKISUCMCFKTBI
149	0.3907400587488446	8	202	240053	ZOYWWAGVGBSJDL
150	0.21008697978708343	13	220	23809	OYIFNHCXNCRBQI
151	0.2564885036339028	12	220	28423	SUCGXPHEYBRFIL
152	0.4377900945489447	10	220	75860	OAWHMSFCLIYBHE
153	0.4022351634622127	10	220	149395	YVOZJYCBBUKBLG
154	0.6206729104129686	12	220	201205	SEWIYICDCVPBEW
155	0.537539270597921	13	220	280774	FCXZBWSIAGGPCB
156	0.8993419712171606	17	222	284591	RWSXRVCMGQZWBV
157	0.569637855490691	7	224	2315	DTERQYGMUDWYAZ
158	0.3435249955830091	9	224	11760	KGVHCTWYMPWEGN
159	0.2044139456778541	8	224	85883	CJMKNGKQEBMDHR
160	0.36304886827676214	8	224	97990	VEYYWZRYIYDQJM
161	0.6319767937045546	10	224	201740	DKEXFJVMVGETOO
162	0.6521094362987634	9	227	178904	QCHFTSOMWOSFHM
163	0.45610763345950966	7	227	269194	WUKXDSPNLGMVCH
164	0.38517487457771893	7	228	11760	KGVHCTWYMPWEGN
165	0.6260648491778915	7	228	201740	DKEXFJVMVGETOO
166	0.38497403911820566	9	235	231753	ZTLDTRZYHPXXPS
167	0.9370176711341414	7	238	110648	JBCLFWXMTIKCCB
168	0.7881373545010537	7	239	233105	VKGZCEJTCKHMRL
169	0.2832808075964825	9	241	187913	MXPBQDFWIMBACQ
170	0.22080030686987567	7	252	53521	TWGQGUSNEVWGCY
171	0.28798257480437567	13	252	63267	QZNSDZBPNZUKEQ
172	0.2720994235004917	9	252	228273	FKQQQROPNALGDM
173	0.24720698226099136	10	252	237091	TXKSAMJHOAHOGY
174	0.8113307139083513	20	252	272977	GHOKWGTUZJEAQD
175	0.4914638822652538	8	256	71184	QIVBCDIJIAJPQS
176	0.20815149789147558	8	256	277228	KYNMONSTYCGIDJ
177	0.6613543434500031	12	257	32462	AJHCSUXXECOXOY
178	0.4570023840660105	9	263	75912	MYFMARDICOWMQP
179	0.5365989385131984	7	263	78040	KTGFOCFYOZQVRJ
180	0.5279753353341855	8	263	115182	YBAFDPFAUTYYRW
181	0.3418123759496899	9	263	119897	OFRGWBPXUYJGKH
182	0.3437525130823526	9	263	226017	SNCKGJWJABDZHI
183	0.3274836126865607	8	263	280835	SNFUTDLOCQQRQD
184	0.22619833086003358	10	264	2242	OVLMUPUOLFPRTO
185	0.6828627610061108	11	264	85932	JDMUPRLRUUMCTL
186	0.5025223235020587	7	265	66931	IIRDTKBZINWQAW
187	0.672291563453221	9	275	19944	RDZNZFGKEVDNPK
188	0.8487529277840895	8	275	39991	IKXVCSKDYINBFT
189	0.6645068067829921	7	278	19475	YBJHBAHKTGYVGT
190	0.4074764127400142	7	278	186290	DIKSXFGBISXWOX
191	0.24666873612572676	7	284	18347	DLPOANDLVJHGGA
192	0.23185250349177405	10	284	59711	OCFIUNGSKQZESJ
193	0.20069074404249887	8	284	62224	PGXXGODNTPWQHZ
194	0.23574530185124612	8	284	63439	BMBSGGZMJQTQSO
195	0.2392182204229706	7	284	68999	SLBWLZNGIKCLSL
196	0.24567622393603863	7	284	106834	UPMKELQKOTYAEP
197	0.25604206469985447	8	284	135299	MQCYELLGZFKAFD
198	0.2831703441229368	9	284	150996	IOPQLDLYPZSAEX
199	0.2832538940331813	9	284	266823	MZLKRMYSPAAJIC
200	0.6556418764909565	9	288	7218	ZPUCINDJVBIVPJ
201	0.34931550605797834	8	288	14514	XZFHDRJBRRZRFZ
202	0.4851787701532015	7	288	38303	FHGISTUDLGXLAF
203	0.5334951434749929	7	288	57976	STECJAGHUSJQJN
204	0.46906699030989435	7	290	50806	LOOVNAROGQVITO
205	0.26770389279067824	11	297	7289	YGAKSROQVGIPKW
206	0.22715184943440328	10	297	20323	KPDCJYWUNAHYDR
207	0.31967783115815207	11	297	26380	HPKIOTFRXLRBAB
208	0.24906818995751903	12	297	38968	CSBVPLTZWBYCDB
209	0.2968655639061266	10	297	39851	TZUFEMKJENBYIQ
210	0.25492720054294915	10	297	44675	PYNPHESJRWRPGG
211	0.2730875981920925	11	297	107145	QIFGWITZJJAARN
212	0.21057165066832498	10	297	144295	ZJFPTXMXZZTODX
213	0.26302742317602373	10	297	154855	OEFHOBYLAXIGLN
214	0.5102001722796035	11	297	156972	GIDACBQCHAAPHA
215	0.32527644906753833	9	297	162607	FIJFJLCUGYYSHP
216	0.35371200397574143	8	297	180294	XNMBDVGXAFXABQ
217	0.2998279021375542	7	297	184580	SXKIILGVHGTQEZ
218	0.383712931052952	10	297	195614	ACOYLHVUGSEGKA
219	0.21268888378245696	11	297	213942	UCBPFDCJZXYAMS
220	0.23460920759603418	11	297	215727	MCGQKNRASJPXNC
221	0.2698559527150801	11	297	232669	ZKDAKCXDTRJOGZ
222	0.3058337301905646	10	297	234578	CCTSZLOYMHLMHP
223	0.4035141979433481	8	297	247372	OKLIAPLLOUMEOG
224	0.23471975815544116	9	297	258192	KMHJKMOEUJMOEI
225	0.43804176368986075	7	306	260155	JEOZLTJHDSKQIT
226	0.4239656159821715	7	310	85313	OAYXUHPQHDHDDZ
227	0.48736558911476285	7	310	211347	ZNQOETZUGRUONW
228	0.39854709800805804	8	322	167259	QDBLJDVWLXPWOQ
229	0.48687933742711226	8	326	58000	OCHZTELGZBWSJD
230	0.6595317319029647	8	330	114476	SECPDKKEUKDCPG
231	0.34581388472531904	16	333	112674	CNUUHKVLRVPYKE
232	0.4198034550611961	11	333	116661	BITFKLCIIJKNRC
233	0.3080391965164245	12	333	125767	ICQDSEWZOQKQSL
234	0.4810405230775928	7	333	138938	GZYSVGWNLDGWPZ
235	0.42806006671211877	17	333	168822	FNRMQWCILBQYJD
236	0.37339930628282747	12	333	236005	WVIOCVKUTMTYBR
237	0.417938372345792	12	333	240755	KOKBMHVIQKIKLY
238	0.4441519306929452	12	333	282327	ZOKXIFXOULCJPE
239	0.6088963346722236	17	344	60820	DXRJDPYAUGGBPB
240	0.5341516615012004	20	344	79340	IIHODMXLVYVECB
241	0.5975360407232863	21	344	84174	UQAARSRFYUOBII
242	0.4223292891327004	14	344	118543	BEHRYCYNRCQBOK
243	0.4889945802035638	21	344	206798	BTUSGZZCQZACPT
244	0.6463166872620177	13	346	76548	AERBNCYCJBRYDG
245	0.4872986936484482	13	346	161691	YFYCHYWLNJYRHI
246	0.3293560007446466	7	351	5234	MUDMWQINEVWPNY
247	0.29142438411727667	11	351	13876	YRQZONGPMRIGCN
248	0.44555328016763396	14	351	21272	XTZCUMHDZXLQOU
249	0.27951365306092785	10	351	22620	SLNHMMCYWVZCLE
250	0.4985859250754901	10	351	31694	GRWDXUUVOJFLTC
251	0.3977493760111209	14	351	33836	GFQUNFKNQCUGEQ
252	0.37750847503859536	14	351	35827	KELRJXQJITUJOU
253	0.3282553414207843	11	351	39885	IHPFAGHGAJFPOT
254	0.5192928862602044	11	351	53905	DSXFEBWYDMBLBH
255	0.5874940721933739	12	351	54469	KTXOHEGYWWVREA
256	0.6480796777987958	13	351	57086	MUPXUPRBAXMYLD
257	0.541358652980559	10	351	62993	WDGGYGTUDYNFNV
258	0.22723121732107762	11	351	67359	JKHUBDBEKXSCGU
259	0.4085769633294286	14	351	78160	HAGKOYTUAINBNR
260	0.5587281490430859	12	351	83730	KGMMJESOAYRZIK
261	0.45793403462949994	11	351	98648	KOQRMAQGZJRISQ
262	0.5696146490715819	11	351	127404	MWCRNCLOWPXRHM
263	0.3953536763080077	11	351	127689	CHGNHJANWFHRHG
264	0.6174000624834701	10	351	131340	DDGAWLRBTJGZKD
265	0.4417710584263065	10	351	141592	RZEXIMRXKVYRLP
266	0.21384212544902623	12	351	148672	JJRYPZMXNLLZFH
267	0.5341091807566257	14	351	155150	LKKXUAHKRMIWET
268	0.4947237086721692	12	351	156889	RBQBHFRDEHYTSY
269	0.355533733130106	12	351	165489	XOKNJGSBLIKARH
270	0.61387394190502	9	351	167066	RWYFPZNSBWWHEI
271	0.42449358579708674	14	351	170805	RIQRXFIEFYUKFD
272	0.2201847758413888	13	351	176081	LVOLVIHDJLHIGG
273	0.48412260269969115	15	351	178551	IFSIJANEHQYGIW
274	0.3768780847062683	10	351	181151	YPOPYVUOLVLVLN
275	0.30708017996004455	12	351	190471	DQGCBLMFMOHLGX
276	0.5211253161877537	8	351	200715	LYMNQFZEIGCRGT
277	0.3996203961922178	12	351	210996	HGJPTHGLIAQYGB
278	0.22242300395517595	14	351	213234	RRZQRPDFHNQSJD
279	0.5420514491930604	13	351	213458	JVLXBFGSUGABQB
280	0.3147602636105542	12	351	217564	GTLCZGOCBOZFJO
281	0.43468068578075364	14	351	220345	UJHKVYPPCJBOSG
282	0.3193015443215036	9	351	222560	DUKPKQFHJQGTGU
283	0.6267078142008752	11	351	241574	YAMFGBCNXUCDEQ
284	0.4104134811732944	13	351	243252	DGDRPKUDABZVDM
285	0.44942234956056004	14	351	252748	CRJTVKZRDOEDRM
286	0.3937473617611599	11	351	256837	JKJIXQDFHDUPAV
287	0.28842419305129346	12	351	261681	AWFXQEZPCZDBIE
288	0.2316176054179149	11	351	269052	XJDKBCHWWAMWLJ
289	0.46066642026765864	12	351	272306	INWVNVRZQKDXQG
290	0.6918566305036812	8	353	86306	GLSCDHQUIDQFRP
291	0.6572857443258944	8	353	152733	BWKILASWCLJPBO
292	0.6624588103265895	14	354	23829	OTKJDMGTUTTYMP
293	0.38277806321925456	14	354	228216	CILLLUONWCSDCK
294	0.6271803577697765	17	356	11930	MKFVHOZHTXBXCX
295	0.5934009944332551	19	356	67516	KBUNOSOGGAARKZ
296	0.6754671548742402	15	356	67701	FBQCDJRSCUVUFL
297	0.34214015686975535	17	356	97734	HXYVTAGFYLMHSO
298	0.48034233280068406	13	356	135092	DYCBLHSQHWHJPL
299	0.5487607535165339	12	356	144864	LWYXLXAMDLNBFQ
300	0.46804169578009347	19	356	217366	WWUZIQQURGPMPG
301	0.6511988775486915	10	360	28699	YRYJJIXWWQLGGV
302	0.46283400698034005	18	367	31399	MYTDNGUQXKUHFN
303	0.4271918014876129	16	367	103223	NHIPIGXCJWQVRH
304	0.6747091924558482	19	367	138421	LYRFLYHAGKPMFH
305	0.46580598281704283	15	367	182796	GHSBLFLOXXCDDN
306	0.3009944349887676	16	367	189778	XVJURMGLVCDMPO
307	0.5631671010060514	18	367	212611	USBSYOMZAJVNGA
308	0.22759793770022108	10	369	38489	OLBKIRGWBSBUEY
309	0.38735647964318043	11	369	72606	GXMZPUMFGLAAMQ
310	0.28402304844074344	7	369	105139	CVPVGRDVSAJUQS
311	0.3158449776363048	11	369	219073	GGEHGIPZDUKHHM
312	0.2281150609288266	7	369	249232	KQZJFAWMSWQCRA
313	0.28341989253616484	10	369	280883	XXZPXRQPWFAXCK
314	0.6490123283899275	7	371	49492	VXUOFDJKYGDUJI
315	0.6886452433065927	7	371	84944	IGZPHNNYPPAPLA
316	0.9215975902583239	7	371	128898	WNCMKZYTLBIUSK
317	0.6226249214905132	11	373	67572	RPXHXZNGZBHSMJ
318	0.7306028265610388	11	373	74830	DDUZNLUWXLYPCP
319	0.7752666338793983	8	374	49492	VXUOFDJKYGDUJI
320	0.7716905256576618	8	374	84944	IGZPHNNYPPAPLA
321	0.7820205307887947	8	374	128898	WNCMKZYTLBIUSK
322	0.2124857720492855	7	377	74998	WRTJJSJPZOTENC
323	0.3556527481107547	7	377	90515	SASOPTOEUQXKMB
324	0.2285423589227896	7	377	126370	DAINMNHDGRVBQF
325	0.21640963412968536	7	377	169909	WPWFNFQROATLTG
326	0.21430729065667478	7	377	187432	NULAGQBHFUHTPE
327	0.38587448152157555	7	377	258619	HRAQMGWTPNOILP
328	0.28787270254628233	17	379	217446	AHYSWFBBMLPXFU
329	0.7099934385058002	7	380	45838	OEJYWQCXHNOOHC
330	0.6718917022716732	7	380	184278	LFUDDCMNKWEORN
331	0.2227160335305903	10	381	66378	WBWWGRHZICKQGZ
332	0.2916857948837802	12	381	82550	OCCWBRYHHOILSZ
333	0.23362542736757763	11	381	89520	AOIWIEZEAQBWNH
334	0.2994279918232896	9	381	150789	BGUPNWPPECTFDP
335	0.29565378547534216	13	381	194551	KLYPRXGLYCCNGZ
336	0.22946111317467222	9	381	222967	XSOLDPYUICCHJX
337	0.24280871724977707	14	381	225971	DEAUOILIUHJFOR
338	0.2135588433888101	14	381	234274	QMDDMGQMZICJPJ
339	0.34714251092624177	19	381	258289	RVSJNDKZLRQIIG
340	0.7979810114126151	7	389	45838	OEJYWQCXHNOOHC
341	0.781323101074868	7	389	184278	LFUDDCMNKWEORN
342	0.2693968131960108	9	391	41522	LNXBTYWYAGLQKE
343	0.28567505427340006	8	391	54318	QLTKBNMCVSIWGU
344	0.379593754561242	7	391	104197	HPMBSIULDIBJAW
345	0.2700214722859122	8	391	115128	FSWUQMGQKDBFMS
346	0.24305238882309238	8	391	123808	AOTVNCBSZGUECD
347	0.48608457395330196	8	391	146086	IMTYAILZRNQVCO
348	0.24637184262794362	8	391	206239	GLHDHWUKNRRLCG
349	0.23118752533354245	8	391	236388	YMCZHZIPSXOKMG
350	0.7140714829737408	7	392	200289	NEGQHKSYEYVFTD
351	0.9152609143206418	7	392	223361	HEALIQQDEGDSLS
352	0.724103757736531	21	395	142350	CKPBBEOJHAPPBT
353	0.6256946669748139	21	395	208444	YVYMBNSKXOXSKW
354	0.7509272484944801	10	397	200289	NEGQHKSYEYVFTD
355	0.7873514615926135	10	397	223361	HEALIQQDEGDSLS
356	0.7117721631284561	19	400	80446	NOVZJYYJYIFXJC
357	0.5851814221908721	19	400	280320	PYVRVRFVLRNJLY
358	0.3473504410243303	7	401	15585	SELHCSAKGVTRBZ
359	0.22469315882698201	9	401	171889	YWOCITMXHHTBAW
360	0.21362158970206313	9	401	213405	JPNPIRVRGLGTRE
361	0.3367418387475909	8	401	242955	GAPPHVJLWSRLAC
362	0.2273728771354435	9	401	252231	BAKUYTLDCVITBO
363	0.2205130329963029	9	401	273802	ROPRRXYVXLDXQO
364	0.9175387279210424	7	403	27795	MULVVBYNDZRKPA
365	0.7401962617130996	7	403	61687	SULIDBRAXVDKBU
366	0.7020628456316559	7	403	128899	YAMUFBLWGFFICM
367	0.9175199941503602	7	403	153976	UURHYSSHOYMCKH
368	0.6976095830773332	7	403	265174	PZRFVAHZNWPPAC
369	0.26067661499412587	18	404	41494	GOMVPVRDBLLHQC
370	0.24353122518723938	18	404	83074	IGJKYDBBINVMLH
371	0.25655845618308043	18	404	140738	LAXQYRRMGGEGOH
372	0.705151630845823	7	405	80446	NOVZJYYJYIFXJC
373	0.59878583132104	7	405	280320	PYVRVRFVLRNJLY
374	0.7785596989821901	7	411	33798	IQGPMZRCLCCXAG
375	0.7820360217834792	7	411	45406	IHNKQIMGVNPMTC
376	0.7990446972901164	7	411	192600	HVAUUPRFYPCOCA
377	0.7667168074224051	11	412	4289	WFRLANWAASSSFV
378	0.2029868435342024	10	412	7409	QPRMGHKASRLPJP
379	0.20578655766290754	12	412	11953	KWDXKYNWAKMLKK
380	0.20289232453752987	10	412	107810	LNSIIDDYOVTXHK
381	0.22679090602725316	10	412	122286	HHBMAUAHAWVHBL
382	0.2852944306740534	10	414	103067	RDOFJDLLWVCMRU
383	0.36264791239788013	16	423	74735	APXGHUJETIJCLQ
384	0.6654333925538292	14	423	113165	CPRUTHPUWILGGA
385	0.6335596874094415	16	423	213909	LLJZJNHOOHQEGE
386	0.4903795662215429	16	423	231715	IFLYMLKAOZSJKS
387	0.5671017372904454	23	434	6199	NJSBLEVOZSAMTQ
388	0.3810098676478157	23	434	10314	DCRHXNVYSDSBAV
389	0.6567691949642751	19	434	12182	DMYISGJMGRTXJW
390	0.25362184306807917	27	434	15554	FOWPUUSGDVWLPM
391	0.5480735541947813	25	434	19855	VKCBWKQXIOUPPP
392	0.40302494068322736	21	434	20626	UWAOFNCBECRACO
393	0.4212209016437554	25	434	20814	QBIVDQKILZWHIL
394	0.5111072741175692	18	434	21783	ZMMDPERLLILPJD
395	0.44080764842373527	25	434	26867	LAFPFYIDQKOVRZ
396	0.5563313637772281	23	434	27627	GTFBHNPCFFFQRW
397	0.5331014688443586	18	434	28197	ZKEMVUBEPDXJPL
398	0.521845893305485	20	434	28246	QHMBSVQNZZTUGM
399	0.4048512933851935	8	434	31189	HIIWEHZRIHKXLI
400	0.3921000495947373	26	434	35502	ZBZZDHDWRSFLAY
401	0.5265002572706652	24	434	42910	WAZCMUUVLNIUQT
402	0.6632400488598638	26	434	45986	OXROZAFQARKPRC
403	0.4303150131627135	23	434	47916	ZEAWLOAAKXIHKG
404	0.6231927294002039	20	434	52109	UYLGYRGJFUJKFM
405	0.651969610690687	15	434	52641	WWYMYGIVLCKTBL
406	0.5066911698593434	20	434	53985	ZTGXAWYVTLUPDT
407	0.40784523127211075	20	434	62827	GIDMTFDQSRGTMD
408	0.5950589372906926	25	434	64720	QSVFHUPTMSJXTL
409	0.3557796741859714	25	434	74520	FBMAHDGTCDISLJ
410	0.4343940922269927	27	434	77568	IQPNZLYVKOVQGH
411	0.42549100177077714	29	434	82391	IYROWZYPEIMDDN
412	0.41190674996874593	29	434	83662	RUWDFSXBACIZCV
413	0.5073452346317435	17	434	87795	KYKRDPYDEHBXPN
414	0.6358771350999007	16	434	102646	SJQJFSCMYCROHP
415	0.7248670513539461	17	434	104210	GBHQYFDQBZMNFV
416	0.3158462231067096	24	434	107688	JJJNVPBHJYTLFL
417	0.4438159470665725	17	434	113453	CTUPXHOEXDMXQS
418	0.4265305399542026	23	434	125758	ZBYBSIUFGLWXSW
419	0.4470645085217339	23	434	138039	PZSSCOPAGSWYOH
420	0.5921013102622443	24	434	153387	ZAVQMLQVNYVIRD
421	0.6541825278053811	17	434	154891	IGHTZQUIFGUJTG
422	0.3655725923894177	19	434	156538	XNTVDVXTGHDVAF
423	0.48003024870956407	29	434	159060	LMERBYXJXLNVNU
424	0.5030892156013265	23	434	159461	PXFSHKBHMHIDCT
425	0.6349299987603997	19	434	165694	NUXUDGMVYZUFNQ
426	0.5509809801618398	20	434	171469	YWCNWJWHMISYMK
427	0.37794392689016126	22	434	180342	DHFXPJCRRFHREQ
428	0.5153883854975686	24	434	184694	PJGZWUPTGHVNNL
429	0.5858673009871183	27	434	188448	RJKFOVLPORLFTN
430	0.5883754474581065	22	434	191831	PBWQDXFSQWUXPJ
431	0.33098861856827205	25	434	194170	PGZCJOPTDHWYES
432	0.46818801608596056	29	434	199312	OOXBEOHCOCMKAC
433	0.40985995367747424	26	434	209324	KBCWHCBFYHSRRP
434	0.7642303720037065	12	434	209364	IXJXRDCCQRZSDV
435	0.5237496515015861	22	434	218321	POJINKAODPGLPR
436	0.39180138917963936	27	434	222176	ABDOEMMMLNFGMW
437	0.42475454211457114	23	434	229689	CPXDKDFWEZFRKT
438	0.3617873024328551	25	434	231119	JSPUCPNQXKTYRO
439	0.6472427901765861	25	434	236117	YLFRRPUBVUAHSR
440	0.4920191055819101	12	434	239054	WFXDJXGYWQHHEA
441	0.6209625526499555	15	434	244196	CYQFCXCEBYINGO
442	0.5321697348070953	24	434	245373	OTXDYBDPTPCMFR
443	0.4694412713831266	17	434	247376	HAIPUHCLABEHHT
444	0.5000380129800909	23	434	251695	OVGLBQCHAGURSD
445	0.5110075223119372	9	434	267905	LJNNDZUYUVWDBY
446	0.6426318899521929	15	434	275108	HCAWPGARWVBULJ
447	0.5477960555941259	26	434	278099	YCFSRIUWADDJEY
448	0.6453924751200384	23	434	278696	UVOLYTDXHDXWJU
449	0.5031954517723274	29	434	283513	FBCSIUOKEHINEX
450	0.533891773704095	15	434	286602	QNSGNISQZQHTNU
451	0.6636203384182844	19	434	287720	VQMBKPLOQBBIJU
452	0.2165669112363062	14	435	104158	NBTZRFXBXREKRF
453	0.32630098993845763	14	435	203990	YATGOOKAKMOJRD
454	0.812083241828009	33	438	55576	FATBGEAMYMYZAF
455	0.7342328095382034	29	438	58220	MHKBSCHWKVCLJL
456	0.6255178661543928	29	438	113685	UGQUNUVJNGWTQI
457	0.7920522149008313	33	438	131979	RVDPDXRDNDUJHE
458	0.5564831042211189	10	438	241480	UQQQJJFFLGEZOH
459	0.5470938163071258	25	441	6199	NJSBLEVOZSAMTQ
460	0.33187659819048215	26	441	10314	DCRHXNVYSDSBAV
461	0.6788239664039856	22	441	12182	DMYISGJMGRTXJW
462	0.2372917790779065	28	441	15554	FOWPUUSGDVWLPM
463	0.5431296688801974	26	441	19855	VKCBWKQXIOUPPP
464	0.43131091627663315	21	441	20626	UWAOFNCBECRACO
465	0.4308175521672455	25	441	20814	QBIVDQKILZWHIL
466	0.5453331711714617	22	441	21783	ZMMDPERLLILPJD
467	0.3568444456592531	27	441	26867	LAFPFYIDQKOVRZ
468	0.5613429956841174	26	441	27627	GTFBHNPCFFFQRW
469	0.5492736367893134	20	441	28197	ZKEMVUBEPDXJPL
470	0.49954296598974146	24	441	28246	QHMBSVQNZZTUGM
471	0.42955379907603897	8	441	31189	HIIWEHZRIHKXLI
472	0.3261455432505769	27	441	35502	ZBZZDHDWRSFLAY
473	0.5447246100284914	28	441	42910	WAZCMUUVLNIUQT
474	0.6753160886709716	28	441	45986	OXROZAFQARKPRC
475	0.4005661166163655	23	441	47916	ZEAWLOAAKXIHKG
476	0.6620402585910239	20	441	52109	UYLGYRGJFUJKFM
477	0.6838995881623677	19	441	52641	WWYMYGIVLCKTBL
478	0.4899758849985199	24	441	53985	ZTGXAWYVTLUPDT
479	0.427257273659488	24	441	62827	GIDMTFDQSRGTMD
480	0.5817382533117365	25	441	64720	QSVFHUPTMSJXTL
481	0.36259776817655104	23	441	74520	FBMAHDGTCDISLJ
482	0.44733692661464547	27	441	77568	IQPNZLYVKOVQGH
483	0.4064027576221983	29	441	82391	IYROWZYPEIMDDN
484	0.3965175441989929	29	441	83662	RUWDFSXBACIZCV
485	0.5233143022551854	20	441	87795	KYKRDPYDEHBXPN
486	0.6623006957707834	17	441	102646	SJQJFSCMYCROHP
487	0.7851867549450213	16	441	104210	GBHQYFDQBZMNFV
488	0.28374749621143647	27	441	107688	JJJNVPBHJYTLFL
489	0.44459786116775357	21	441	113453	CTUPXHOEXDMXQS
490	0.41451137361491913	24	441	125758	ZBYBSIUFGLWXSW
491	0.4134373738752297	26	441	138039	PZSSCOPAGSWYOH
492	0.5867431150178333	23	441	153387	ZAVQMLQVNYVIRD
493	0.703226429676074	18	441	154891	IGHTZQUIFGUJTG
494	0.34758761959499856	18	441	156538	XNTVDVXTGHDVAF
495	0.48161886639919804	30	441	159060	LMERBYXJXLNVNU
496	0.5193427586541504	26	441	159461	PXFSHKBHMHIDCT
497	0.673816586349547	23	441	165694	NUXUDGMVYZUFNQ
498	0.5551164983201079	22	441	171469	YWCNWJWHMISYMK
499	0.33597800652298365	26	441	180342	DHFXPJCRRFHREQ
500	0.5197114963239127	26	441	184694	PJGZWUPTGHVNNL
501	0.614620442523498	27	441	188448	RJKFOVLPORLFTN
502	0.5840741972407968	25	441	191831	PBWQDXFSQWUXPJ
503	0.32262342192880916	25	441	194170	PGZCJOPTDHWYES
504	0.45757790202761767	30	441	199312	OOXBEOHCOCMKAC
505	0.35129842179400755	27	441	209324	KBCWHCBFYHSRRP
506	0.8389323519423354	12	441	209364	IXJXRDCCQRZSDV
507	0.5467649511523704	24	441	218321	POJINKAODPGLPR
508	0.3672796466217212	28	441	222176	ABDOEMMMLNFGMW
509	0.39168925199954	23	441	229689	CPXDKDFWEZFRKT
510	0.36963042915875577	23	441	231119	JSPUCPNQXKTYRO
511	0.6582440847381829	28	441	236117	YLFRRPUBVUAHSR
512	0.5165659252087388	11	441	239054	WFXDJXGYWQHHEA
513	0.660181442454463	19	441	244196	CYQFCXCEBYINGO
514	0.560018704065964	23	441	245373	OTXDYBDPTPCMFR
515	0.4638444280517237	21	441	247376	HAIPUHCLABEHHT
516	0.5144181221708203	25	441	251695	OVGLBQCHAGURSD
517	0.561669907595189	7	441	267905	LJNNDZUYUVWDBY
518	0.6698546416860911	19	441	275108	HCAWPGARWVBULJ
519	0.5713192003393579	27	441	278099	YCFSRIUWADDJEY
520	0.6633536442890462	26	441	278696	UVOLYTDXHDXWJU
521	0.5020637398598436	30	441	283513	FBCSIUOKEHINEX
522	0.5184300607826112	19	441	286602	QNSGNISQZQHTNU
523	0.6638985165837349	21	441	287720	VQMBKPLOQBBIJU
524	0.2680254121584292	11	445	45048	NWXGAPOAVPQKSE
525	0.3503072374954199	21	445	53630	XYJDJPIPXFRIGW
526	0.6013746363388568	24	445	54310	GWOAMHMYCJRYMO
527	0.39929165638691555	21	445	58639	UGOZEFNSEBBVGY
528	0.3698661299018943	19	445	196996	GOXYFDVNWUWTHU
529	0.403105524430044	22	445	213277	PVOXMLZUXQNIHC
530	0.38576315986126664	20	445	257682	OIMXTYUHMBQQJM
531	0.23172218538730605	10	445	268758	XLGSEOAVLVTJDH
532	0.2878587168279192	14	448	4488	AFPIZEGCVWFIIW
533	0.26826933607028264	16	448	12429	UOHNARRKDSHFLD
534	0.2698022688773817	15	448	36133	FJKLGGRFXVSQLY
535	0.3807567524333179	18	448	72531	OTXNTMVVOOBZCV
536	0.2264058116054246	14	448	75841	AAPUYMQSLYJTDO
537	0.3650810811847553	16	448	110446	CDFFZXPBQHQMNM
538	0.2749050622034266	15	448	119710	POHAELYSNDHUQG
539	0.2917796075085193	15	448	130856	IVVQZKHUQOPDBT
540	0.31181083387957587	13	448	138978	AHEVUGGTHXXFIC
541	0.2787286500217073	14	448	139679	PWOLTSTXQZMPQX
542	0.2821789954464258	15	448	149261	LKDRSTSIYBRIGG
543	0.3183421952030451	14	448	155099	FQYWAQLILQWTQT
544	0.3228941314430516	15	448	161840	SDLAPLHQUYYKPB
545	0.28373494794849363	15	448	163662	AGFWEYQAOQMEEO
546	0.24515564501770154	18	448	167847	VCPSCMZUIRKCJL
547	0.30637356389641424	15	448	185355	YYAQSBCWXFEBKV
548	0.38840856396281465	16	448	187200	FGYKUFVNYVMTAM
549	0.28825600072310775	15	448	194305	UVNYUMXKLUCIGN
550	0.44436002857693774	11	448	197186	LQVSLNNDRSPQLF
551	0.30024982072196105	17	448	203603	HEUHMWCGNUTYFR
552	0.2682965411180158	14	448	213457	LYWSEDLCASLVDW
553	0.2984254494409465	18	448	227087	LHISSQSEJOQIGC
554	0.267886791610717	16	448	227466	OLCPAMPJEUEVSA
555	0.3067582082431181	16	448	232122	LAFDOVHKCATTMZ
556	0.36563555618718746	17	448	232996	MLDWXXNWZJMFMZ
557	0.3598817110235589	14	448	250217	OXFAIAHHFKBGSD
558	0.24547636391000252	13	448	264480	ZHVSXWCIYWYBQP
559	0.2663841560976013	14	448	280030	RSKIYANMYYETSH
560	0.6364204539468347	18	455	63749	AOPKTUBRDQVUIG
561	0.6350612511754661	18	455	80625	HBIZKEXDZVNTCF
562	0.38977975350858457	8	458	4488	AFPIZEGCVWFIIW
563	0.36408742191864224	10	458	12429	UOHNARRKDSHFLD
564	0.396713880401173	9	458	36133	FJKLGGRFXVSQLY
565	0.2966977481282041	9	458	72531	OTXNTMVVOOBZCV
566	0.2894789873405218	8	458	75841	AAPUYMQSLYJTDO
567	0.3132171161476523	8	458	110446	CDFFZXPBQHQMNM
568	0.32986267078744946	9	458	119710	POHAELYSNDHUQG
569	0.39869388634223024	9	458	130856	IVVQZKHUQOPDBT
570	0.41351735402853645	8	458	138978	AHEVUGGTHXXFIC
571	0.3710186463754242	8	458	139679	PWOLTSTXQZMPQX
572	0.38990958661721964	8	458	149261	LKDRSTSIYBRIGG
573	0.3956332816441617	7	458	155099	FQYWAQLILQWTQT
574	0.2331790815221867	9	458	157132	OCEMQHKUYOWWJB
575	0.4399944502505149	9	458	161840	SDLAPLHQUYYKPB
576	0.3722618959183032	9	458	163662	AGFWEYQAOQMEEO
577	0.2623129742318772	10	458	167847	VCPSCMZUIRKCJL
578	0.4153283320261294	9	458	185355	YYAQSBCWXFEBKV
579	0.32618598122948483	8	458	187200	FGYKUFVNYVMTAM
580	0.40329326069845695	10	458	194305	UVNYUMXKLUCIGN
581	0.3618217425853509	10	458	203603	HEUHMWCGNUTYFR
582	0.38702936465755816	9	458	213457	LYWSEDLCASLVDW
583	0.39917698949791797	10	458	227087	LHISSQSEJOQIGC
584	0.31852059963809415	9	458	227466	OLCPAMPJEUEVSA
585	0.31253117926559887	9	458	232122	LAFDOVHKCATTMZ
586	0.309890016324368	9	458	232996	MLDWXXNWZJMFMZ
587	0.43024417188713887	9	458	250217	OXFAIAHHFKBGSD
588	0.36093104736044757	8	458	264480	ZHVSXWCIYWYBQP
589	0.3919507667015234	9	458	280030	RSKIYANMYYETSH
590	0.5725594781217608	12	463	70617	OYOIHWLYVJQMIC
591	0.3995394641678377	10	463	142992	SHZBFDWXFJTSEI
592	0.3816627797708974	13	463	245130	BTZPHYGATGTLIT
593	0.28131000750409735	11	465	3411	RJVOBQMTKIIZFL
594	0.36196465399241756	12	465	12661	ULVOHMDXTRQASQ
595	0.35363870011385357	12	465	19705	VRALPRHTIFGKOZ
596	0.3535590791660564	12	465	23052	BVOOLULFYOLJAW
597	0.365468216343753	12	465	23326	JNANCCREFMIVHM
598	0.3508771412171784	11	465	39287	LJNASASDNLCNOS
599	0.3562956391955907	13	465	47037	SQFQJKZSFOZDJY
600	0.34822825253185996	12	465	83357	CEPSEQHBYXXLML
601	0.3433845746962703	12	465	103568	JBSSIYVUAQDIMG
602	0.30886411871660124	12	465	140090	CRXJXSWSYYZWJX
603	0.2880610348993391	12	465	170332	UDJPNKZCBLLFEF
604	0.5016007245618135	13	465	172434	VVIZSTDOEMOPIU
605	0.5546644267623378	14	465	180146	AMDWTHRIQMHZKU
606	0.4277002685078	14	465	201744	BTLPIYPELDQANI
607	0.373743989990562	12	465	210562	QSVJYFLQYMVBDR
608	0.37101600512120464	12	465	216726	SHHHPKBCWIDXJY
609	0.4400265090194624	11	465	238132	UVAVWWCPGAHKIW
610	0.3379986432210454	11	465	248484	RJJJGGWJMPYXMY
611	0.31593743806140184	11	465	271388	BAYDLJAVVXZGLI
612	0.48623575458380924	24	466	5934	YZYZCVQQKYLXMA
613	0.48376592661859075	24	466	7549	IBFQWGIEQHTWFU
614	0.3941241889858684	21	466	13932	RJQCTQMDJCNDGK
615	0.5164852264319424	24	466	16541	ZADCNBAPSYALRM
616	0.5674945848214954	19	466	17066	VLFRWLBGHRTUKV
617	0.4186704395740374	24	466	22782	OPBJITJQJWANRV
618	0.6507417098931142	20	466	23871	HXIUWYSJPGHECU
619	0.41082445799157513	22	466	29389	IWSQIMKLMWQADE
620	0.5558028307310621	20	466	31220	IIRALSJEOPXXRV
621	0.4172443767349816	24	466	31947	GTJRAVUXOJWVKK
622	0.5143174762961364	25	466	32192	ZDZNDZBTNXXUSC
623	0.5568478379647327	21	466	32203	PCIZFQVDNDHRPP
624	0.5376269590472097	25	466	36921	FMEOHNKBCMQEEH
625	0.35965430671727094	23	466	38275	DJEAQUHZHIKDFT
626	0.4537130511799511	23	466	39435	RGXILLPTQFRUJD
627	0.585793099886511	21	466	39586	VSKOELNSOFBWQU
628	0.533868243264188	21	466	41489	DTHHHJHARPIYBK
629	0.6137222157728833	21	466	50449	PLIHPVSEWRYWLQ
630	0.6438247851060508	21	466	50598	HWMGYRPZZSXFAX
631	0.29722857883536147	26	466	77713	ZGLHBRQAEXKACO
632	0.4813376493097513	17	466	87086	RYMHLKHGLSCOPD
633	0.2642279400935054	16	466	94188	MRCQPLFTNLQVCS
634	0.5274380330665001	27	466	118009	ZZGAJQHPTXIJPH
635	0.4654393562350411	22	466	122225	RPMJUVNWDAGAHJ
636	0.4276847969740906	24	466	122722	HSSHTHCPYXNUNK
637	0.5589134693859551	24	466	134131	JKWKMORAXJQQSR
638	0.4693555703413434	18	466	135079	NUVFVNRHFVZPCE
639	0.4424745000459869	23	466	141746	SMIJQQDUOZGITI
640	0.6211351811786848	25	466	141894	PNVRAGGSHZKZJJ
641	0.6485126604542943	22	466	144631	XRPNJEUKGXCPEX
642	0.4613788526500705	24	466	145309	FGABCPDHQVLZCA
643	0.503296148318658	27	466	151581	CORAIUAXWDSGOB
644	0.5715768663932695	21	466	163485	RLWXSXTXNMZTLF
645	0.3858000937433101	24	466	167935	XYUCSHDLMDWJNB
646	0.455128285319392	24	466	170885	KDTMNQWFWNQPNO
647	0.3793842371006463	27	466	172271	AHSMWMWSJAPFEP
648	0.5751887662363747	20	466	176197	MEIJIKXWOMTKCH
649	0.5273041169192831	22	466	180648	GRGWPUZWMHKISD
650	0.5199969663762222	24	466	181914	RGPQXGREEVWBLC
651	0.3548411920811191	24	466	184806	BQSYTCIKKXQHQC
652	0.5351587622879197	21	466	199844	ZXSBHMINKCVCIN
653	0.551783468806911	20	466	207373	VXOZCESVZIRHCJ
654	0.44846493602972365	21	466	220081	JUCMOUIPZMOWPI
655	0.5787479417297512	19	466	222328	YPYBLTOYZVZXGX
656	0.4592192711324032	22	466	224667	ISEDDLPOGAUMQV
657	0.5690218767989861	21	466	230037	BCUZXCPNKPOKNO
658	0.5750063866553469	19	466	235127	XGUKSASAYIQRBB
659	0.33997672260898487	25	466	237315	LTTLIRHGLXHJJP
660	0.4073610177492775	24	466	243174	IVUYLWPORZYUDW
661	0.5299972377913218	28	466	246609	NPINYZPYWQAICW
662	0.5202585512235719	26	466	250409	XFCWPFNQLVJSCP
663	0.6524666512856022	20	466	254678	QMPQDXYRILJLLQ
664	0.4884180896916745	29	466	255296	USMIPMYKBLYELR
665	0.23695582550026456	25	466	259051	HOAHUGFGTSIPSG
666	0.5469011030734426	20	466	260384	PYLYOVDKVZVKTA
667	0.48360435834077153	26	466	262353	HMOUJQJPOKZFJA
668	0.47222963219356434	24	466	262504	LSXCGKPHGUIMLG
669	0.4490495545181714	24	466	265407	ZPFTUJZLXSKBKE
670	0.4657521714703956	26	466	266122	VFGCAFLOFRJRFQ
671	0.5544968767026736	21	466	276091	OXLGJTRVVNGJRK
672	0.42055773752254866	26	466	283878	PQHICFDZAGYAMN
673	0.5094093188987121	25	466	286092	KAIVGEVOBNIWLR
674	0.5405572701715402	22	466	287259	DZFYGGVWPAFWGC
675	0.37302627000493305	18	467	74735	APXGHUJETIJCLQ
676	0.6686865991726898	16	467	113165	CPRUTHPUWILGGA
677	0.6351334099207414	18	467	213909	LLJZJNHOOHQEGE
678	0.49090215445700863	18	467	231715	IFLYMLKAOZSJKS
679	0.632643489569415	14	468	47219	CJKCZRZXQYNVCM
680	0.637340977034305	14	468	50437	JQFHBMJNGAAXAT
681	0.6439104055962845	12	468	112380	YFGPTSONISZCTI
682	0.6369078149534473	12	468	115767	ZDKGMLQJMZNABM
683	0.652312013175814	23	471	33576	NXYGWFGNBOVLJN
684	0.6484311016413682	19	471	115335	BREIFYLYGZMDOM
685	0.6540171108618801	22	471	136782	FNGLJQNZSXEYIG
686	0.6470692441034191	18	471	180109	LINIAGSTXYKWEY
687	0.46567585549888013	17	477	268554	WLQUKBFDCWVXKE
688	0.7519307540810996	40	487	18400	COUPDYRANTUKKV
689	0.4213372293693363	23	487	83277	AEBDOCOLSSICMC
690	0.7553647673243273	38	487	247818	UAUDZVJPLUQNMU
691	0.6489421205485287	18	493	19092	CEDYZXOEZCSUMJ
692	0.6469587472994943	19	493	48090	ADLQHCPAMORLQC
693	0.22296057299431818	19	493	125972	ZGQGMSVUSQHADH
694	0.6475464423376078	20	493	129328	AZKOMSGSPCBHKK
695	0.6479398399785344	19	493	156959	DFVWEUXTOODCLM
696	0.43852899998721534	22	500	28345	KBQPNYBGZYZBJU
697	0.49600290863875235	25	500	59217	PGPMCWZMPPZJML
698	0.4580477077539703	22	500	116463	UUBQHHFVPKQSML
699	0.6788336584144975	9	522	34698	GXNFPEOUKFOTKY
700	0.3616408135578526	7	523	211447	AZFYLSFUALTNAY
