CLUSTERID1	CLUSTERID2	DeltaMZ	MinRatio	Cosine	AlignScore2	AlignScore3
3	377	-49.979	0.000	0.7467	0.3477	1
3	557	-15.995	0.000	0.7080	0.4431	1
6	24	28.031	0.000	0.7222	0.4181	1
10	17	14.016	0.000	0.7086	0.4173	1
10	38	42.047	0.000	0.7322	0.5100	1
12	171	-22.032	0.000	0.7638	0.4819	1
17	38	28.031	0.000	0.9608	0.6188	1
17	60	2.016	0.000	0.8837	0.6703	1
17	74	56.063	0.000	0.9474	0.6483	1
18	19	18.011	0.000	0.8372	0.3666	1
18	224	-42.011	0.000	0.7345	0.2894	1
18	315	9.000	0.000	0.7541	0.2669	1
18	419	-27.036	0.000	0.7182	0.3325	1
18	431	6.948	0.000	0.7764	0.2513	1
18	461	8.964	0.000	0.7220	0.2332	1
18	567	8.964	0.000	0.7047	0.2341	1
18	752	9.000	0.000	0.7280	0.2522	1
18	833	-17.027	0.000	0.7555	0.3215	1
18	845	8.963	0.000	0.7469	0.2653	1
18	848	-17.027	0.000	0.7315	0.2992	1
22	25	2.015	0.000	0.8927	0.3381	1
22	26	25.013	0.000	0.9495	0.5239	1
22	27	26.018	0.000	0.8814	0.3019	1
22	28	28.031	0.000	0.9629	0.6239	1
22	35	53.044	0.000	0.9598	0.5479	1
22	36	54.048	0.000	0.9682	0.5344	1
22	37	56.062	0.000	0.9556	0.5973	1
22	40	82.077	0.000	0.9641	0.5560	1
22	53	108.095	0.000	0.7568	0.2497	1
22	55	110.110	0.000	0.9628	0.5588	1
22	157	264.245	0.000	0.9596	0.5917	1
22	164	266.261	0.000	0.8190	0.5502	1
22	166	263.242	0.000	0.7918	0.4881	1
22	177	292.276	0.000	0.8379	0.5539	1
22	181	289.258	0.000	0.7924	0.5607	1
22	182	290.262	0.000	0.8267	0.5619	1
22	196	318.293	0.000	0.7840	0.5382	1
22	842	428.415	0.000	0.9173	0.5495	1
22	855	378.408	0.000	0.9127	0.5158	1
22	867	419.461	0.000	0.8914	0.6054	1
25	26	22.998	0.000	0.8985	0.4357	1
25	27	24.002	0.000	0.8238	0.3357	1
25	28	26.016	0.000	0.8718	0.3995	1
25	35	51.029	0.000	0.8810	0.4062	1
25	36	52.033	0.000	0.8793	0.3550	1
25	37	54.047	0.000	0.8643	0.3534	1
25	40	80.062	0.000	0.8914	0.4389	1
25	53	106.080	0.000	0.8012	0.4102	1
25	55	108.095	0.000	0.8881	0.3668	1
25	157	262.230	0.000	0.8659	0.3498	1
25	164	264.246	0.000	0.7652	0.3648	1
25	166	261.227	0.000	0.7317	0.3366	1
25	177	290.261	0.000	0.7586	0.3161	1
25	181	287.243	0.000	0.7261	0.3142	1
25	182	288.247	0.000	0.7495	0.3211	1
25	196	316.277	0.000	0.7207	0.3237	1
25	842	426.400	0.000	0.8436	0.3330	1
25	855	376.392	0.000	0.8403	0.3158	1
25	867	417.446	0.000	0.8133	0.3289	1
26	27	1.005	0.000	0.8864	0.4217	1
26	28	3.018	0.000	0.9384	0.6337	1
26	35	28.031	0.000	0.9471	0.6170	1
26	36	29.035	0.000	0.9479	0.5634	1
26	37	31.049	0.000	0.9282	0.5790	1
26	40	57.064	0.000	0.9424	0.5837	1
26	53	83.082	0.000	0.8223	0.4321	1
26	55	85.097	0.000	0.9209	0.4406	1
26	157	239.232	0.000	0.9302	0.5215	1
26	164	241.248	0.000	0.7933	0.5383	1
26	166	238.229	0.000	0.7808	0.5060	1
26	177	267.263	0.000	0.8124	0.5029	1
26	181	264.245	0.000	0.7869	0.5372	1
26	182	265.249	0.000	0.8077	0.4931	1
26	196	293.279	0.000	0.7542	0.4681	1
26	842	403.402	0.000	0.8809	0.4397	1
26	855	353.395	0.000	0.8851	0.4653	1
26	867	394.448	0.000	0.8632	0.4726	1
27	28	2.013	0.000	0.8773	0.4201	1
27	35	27.026	0.000	0.8675	0.3783	1
27	36	28.031	0.000	0.8855	0.3725	1
27	37	30.044	0.000	0.8482	0.3522	1
27	40	56.060	0.000	0.8752	0.3699	1
27	53	82.077	0.000	0.7572	0.4164	1
27	55	84.093	0.000	0.8617	0.2645	1
27	157	238.228	0.000	0.8476	0.3092	1
27	164	240.243	0.000	0.7333	0.2901	1
27	166	237.224	0.000	0.7397	0.3474	1
27	177	266.259	0.000	0.7420	0.2747	1
27	181	263.240	0.000	0.7229	0.3091	1
27	182	264.245	0.000	0.7447	0.3031	1
27	196	292.275	0.000	0.7147	0.3082	1
27	842	402.398	0.000	0.8264	0.2704	1
27	855	352.390	0.000	0.8349	0.2995	1
27	867	393.444	0.000	0.7991	0.2738	1
28	35	25.013	0.000	0.9677	0.6590	1
28	36	26.017	0.000	0.9624	0.6860	1
28	37	28.031	0.000	0.9917	0.7863	1
28	40	54.047	0.000	0.9727	0.6595	1
28	53	80.064	0.000	0.7370	0.2952	1
28	55	82.079	0.000	0.9322	0.5255	1
28	157	236.214	0.000	0.9758	0.7009	1
28	164	238.230	0.000	0.8121	0.6548	1
28	166	235.211	0.000	0.7748	0.5645	1
28	177	264.245	0.000	0.8479	0.6468	1
28	181	261.227	0.000	0.7812	0.6083	1
28	182	262.231	0.000	0.8178	0.6139	1
28	196	290.262	0.000	0.7676	0.5399	1
28	842	400.385	0.000	0.8865	0.5090	1
28	855	350.377	0.000	0.8863	0.5169	1
28	867	391.430	0.000	0.8799	0.5729	1
32	95	-13.979	0.000	0.8408	0.6140	1
35	36	1.004	0.000	0.9648	0.6451	1
35	37	3.018	0.000	0.9661	0.6858	1
35	40	29.033	0.000	0.9744	0.7020	1
35	53	55.051	0.000	0.7715	0.3819	1
35	55	57.066	0.000	0.9314	0.4951	1
35	157	211.201	0.000	0.9628	0.6130	1
35	164	213.217	0.000	0.8047	0.5540	1
35	166	210.198	0.000	0.7878	0.5363	1
35	177	239.232	0.000	0.8398	0.5698	1
35	181	236.214	0.000	0.7953	0.5865	1
35	182	237.218	0.000	0.8283	0.5834	1
35	196	265.248	0.000	0.7682	0.5034	1
35	842	375.371	0.000	0.8932	0.4871	1
35	855	325.364	0.000	0.8941	0.5019	1
35	867	366.417	0.000	0.8811	0.5341	1
36	37	2.014	0.000	0.9572	0.6458	1
36	40	28.029	0.000	0.9608	0.6062	1
36	53	54.047	0.000	0.7505	0.2619	1
36	55	56.062	0.000	0.9507	0.5239	1
36	157	210.197	0.000	0.9494	0.5469	1
36	164	212.213	0.000	0.8070	0.5446	1
36	166	209.194	0.000	0.7820	0.5169	1
36	177	238.228	0.000	0.8391	0.5830	1
36	181	235.210	0.000	0.7904	0.5955	1
36	182	236.214	0.000	0.8286	0.5946	1
36	196	264.244	0.000	0.7796	0.5555	1
36	842	374.367	0.000	0.9026	0.4945	1
36	855	324.359	0.000	0.9067	0.5182	1
36	867	365.413	0.000	0.8788	0.5043	1
37	40	26.016	0.000	0.9719	0.6721	1
37	53	52.033	0.000	0.7245	0.2494	1
37	55	54.048	0.000	0.9320	0.5554	1
37	157	208.183	0.000	0.9703	0.6772	1
37	164	210.199	0.000	0.7991	0.6251	1
37	166	207.180	0.000	0.7627	0.5438	1
37	177	236.214	0.000	0.8472	0.7070	1
37	181	233.196	0.000	0.7742	0.6295	1
37	182	234.200	0.000	0.8118	0.6411	1
37	196	262.231	0.000	0.7622	0.5585	1
37	842	372.353	0.000	0.8856	0.5290	1
37	855	322.346	0.000	0.8843	0.5439	1
37	867	363.399	0.000	0.8761	0.5961	1
38	74	28.032	0.000	0.9315	0.6320	1
38	90	2.016	0.000	0.8666	0.4974	1
40	53	26.018	0.000	0.7874	0.3862	1
40	55	28.033	0.000	0.9452	0.5378	1
40	157	182.168	0.000	0.9641	0.5910	1
40	164	184.183	0.000	0.8046	0.5404	1
40	166	181.165	0.000	0.7764	0.4888	1
40	177	210.199	0.000	0.8472	0.6017	1
40	181	207.180	0.000	0.7843	0.5497	1
40	182	208.185	0.000	0.8207	0.5599	1
40	196	236.215	0.000	0.7785	0.5194	1
40	842	346.338	0.000	0.8949	0.4693	1
40	855	296.330	0.000	0.8957	0.4942	1
40	867	337.384	0.000	0.8828	0.5243	1
42	77	-43.990	0.000	0.7718	0.3646	1
42	118	28.032	0.000	0.9352	0.7873	1
42	139	42.047	0.000	0.9519	0.6288	1
42	173	8.063	0.000	0.8005	0.5957	1
42	200	56.063	0.000	0.9340	0.8048	1
42	240	-15.993	0.000	0.8515	0.6542	1
42	243	2.016	0.000	0.8162	0.4071	1
42	310	70.079	0.000	0.8956	0.7870	1
42	358	6.084	0.000	0.7189	0.6851	1
42	625	54.084	0.000	0.8321	0.7241	1
44	283	14.016	0.000	0.9045	0.7818	1
51	75	14.016	0.000	0.8271	0.5510	1
51	560	20.029	0.000	0.7211	0.3489	1
53	55	2.015	0.000	0.7518	0.2499	1
53	157	156.150	0.000	0.7319	0.3016	1
53	855	270.313	0.000	0.7038	0.2165	1
55	157	154.135	0.000	0.9318	0.5169	1
55	164	156.151	0.000	0.8102	0.6045	1
55	166	153.132	0.000	0.7809	0.5371	1
55	177	182.166	0.000	0.8204	0.5846	1
55	181	179.148	0.000	0.7749	0.5683	1
55	182	180.152	0.000	0.8064	0.5496	1
55	196	208.182	0.000	0.7781	0.5823	1
55	842	318.305	0.000	0.9081	0.4905	1
55	855	268.297	0.000	0.9068	0.5307	1
55	867	309.351	0.000	0.8779	0.5648	1
57	58	-42.047	0.000	0.7438	0.6489	1
58	59	-18.010	0.000	0.7724	0.6228	1
59	71	2.016	0.000	0.7115	0.5511	1
59	106	-44.026	0.000	0.7165	0.5524	1
60	90	28.032	0.000	0.8576	0.6395	1
60	131	56.063	0.000	0.9123	0.6843	1
61	167	-44.026	0.000	0.7337	0.3358	1
61	525	-31.969	0.000	0.7543	0.5118	1
61	633	-18.010	0.000	0.7506	0.5118	1
61	641	-18.010	0.000	0.7403	0.4669	1
61	755	10.021	0.000	0.7107	0.4767	1
62	64	-0.973	0.000	0.7759	0.5598	1
63	71	-2.015	0.000	0.7551	0.4614	1
66	281	15.995	0.000	0.8776	0.4917	1
66	373	-162.053	0.000	0.7701	0.4900	1
66	377	-0.000	0.000	0.9554	0.5561	1
66	391	41.999	0.000	0.7206	0.2831	1
66	557	33.984	0.000	0.7176	0.4433	1
66	725	-120.043	0.000	0.8149	0.4089	1
66	738	-120.043	0.000	0.8617	0.4539	1
67	843	-1.990	0.000	0.7227	0.6813	1
69	223	-15.995	0.000	0.9195	0.7356	1
69	305	12.014	0.000	0.7083	0.3662	1
69	391	23.989	0.000	0.7068	0.5725	1
74	131	2.016	0.000	0.9058	0.5845	1
75	286	-16.955	0.000	0.7004	0.3720	1
77	118	72.021	0.000	0.7514	0.3272	1
77	139	86.037	0.000	0.7638	0.4034	1
77	200	100.053	0.000	0.7747	0.3465	1
77	240	27.996	0.000	0.8289	0.3877	1
77	243	46.006	0.000	0.7804	0.3891	1
77	310	114.068	0.000	0.7532	0.3345	1
77	625	98.073	0.000	0.7125	0.3406	1
84	388	-76.990	0.000	0.7357	0.4926	1
86	87	-18.011	0.000	0.7358	0.6551	1
86	106	-0.000	0.000	0.8008	0.7351	1
86	112	-18.011	0.000	0.7625	0.6781	1
87	106	18.011	0.000	0.7683	0.6602	1
87	112	0.000	0.000	0.9289	0.8698	1
89	362	42.011	0.000	0.7639	0.6424	1
90	131	28.031	0.000	0.9107	0.6893	1
91	102	2.014	0.000	0.8022	0.6408	1
95	405	0.000	0.000	0.7178	0.4742	1
97	141	28.031	0.000	0.7030	0.5080	1
97	280	28.031	0.000	0.7274	0.5288	1
97	387	264.245	0.000	0.7058	0.4978	1
99	126	1.998	0.000	0.8591	0.3886	1
99	246	3.996	0.000	0.8959	0.5539	1
99	247	29.992	0.000	0.9524	0.7631	1
99	258	-56.022	0.000	0.8601	0.4889	1
99	286	-66.040	0.000	0.7175	0.2885	1
99	348	-15.995	0.000	0.7994	0.5206	1
99	434	-6.990	0.000	0.9106	0.6358	1
99	698	-67.009	0.000	0.7659	0.2873	1
99	700	31.937	0.000	0.7993	0.2483	1
99	701	31.936	0.000	0.7824	0.2091	1
99	741	12.005	0.000	0.8936	0.5867	1
99	744	-67.009	0.000	0.7768	0.2497	1
99	749	-24.053	0.000	0.8584	0.3308	1
99	779	-141.046	0.000	0.7385	0.1597	1
100	101	3.013	0.000	0.7029	0.6874	1
100	107	28.026	0.000	0.8822	0.7096	1
100	108	29.029	0.000	0.7328	0.7010	1
100	110	26.019	0.000	0.9185	0.7137	1
100	115	54.051	0.000	0.8190	0.4849	1
100	230	292.271	0.000	0.7762	0.4530	1
101	102	14.013	0.000	0.8405	0.7227	1
101	107	25.013	0.000	0.7485	0.7425	1
101	108	26.016	0.000	0.9237	0.7313	1
101	111	28.030	0.000	0.8726	0.7917	1
101	113	40.031	0.000	0.8143	0.5181	1
101	114	54.047	0.000	0.8761	0.5778	1
101	119	68.063	0.000	0.8807	0.5797	1
101	121	82.078	0.000	0.8865	0.6234	1
101	221	264.246	0.000	0.8389	0.5169	1
101	227	292.277	0.000	0.8478	0.5762	1
101	229	290.261	0.000	0.7816	0.5090	1
101	238	318.292	0.000	0.7198	0.3679	1
101	259	-43.989	0.000	0.9313	0.7012	1
102	108	12.003	0.000	0.7786	0.5960	1
102	111	14.018	0.000	0.8890	0.6789	1
102	113	26.018	0.000	0.7527	0.5474	1
102	114	40.034	0.000	0.7502	0.5275	1
102	119	54.050	0.000	0.7940	0.5522	1
102	121	68.065	0.000	0.7630	0.5461	1
102	221	250.233	0.000	0.7023	0.4681	1
102	227	278.264	0.000	0.7678	0.5020	1
103	484	-0.000	0.000	0.9219	0.8773	1
103	485	-18.011	0.000	0.8294	0.7860	1
103	542	-13.980	0.000	0.7419	0.6724	1
106	112	-18.011	0.000	0.7745	0.6728	1
107	108	1.003	0.000	0.9440	0.8528	1
107	110	-2.007	0.000	0.8653	0.7782	1
107	111	3.018	0.000	0.8996	0.7910	1
107	113	15.018	0.000	0.7540	0.6136	1
107	114	29.034	0.000	0.7630	0.7778	1
107	115	26.025	0.000	0.7721	0.6138	1
107	119	43.050	0.000	0.7072	0.5890	1
107	229	265.249	0.000	0.7108	0.6460	1
107	230	264.245	0.000	0.8229	0.5588	1
108	110	-3.010	0.000	0.7326	0.6657	1
108	111	2.014	0.000	0.7907	0.7850	1
108	113	14.015	0.000	0.8881	0.7130	1
108	114	28.031	0.000	0.9477	0.8165	1
108	119	42.047	0.000	0.8607	0.5592	1
108	121	56.062	0.000	0.8639	0.6580	1
108	221	238.230	0.000	0.7865	0.4963	1
108	227	266.261	0.000	0.8022	0.5364	1
108	229	264.245	0.000	0.8411	0.6527	1
108	238	292.276	0.000	0.7171	0.3733	1
109	116	28.031	0.000	0.7074	0.6684	1
110	115	28.032	0.000	0.8912	0.6038	1
110	230	266.252	0.000	0.8098	0.5408	1
111	113	12.000	0.000	0.7573	0.5890	1
111	114	26.016	0.000	0.8524	0.7903	1
111	119	40.032	0.000	0.8271	0.6954	1
111	121	54.048	0.000	0.8500	0.8211	1
111	221	236.215	0.000	0.7016	0.4743	1
111	227	264.246	0.000	0.8043	0.5879	1
111	229	262.231	0.000	0.7050	0.5739	1
111	260	-43.989	0.000	0.8388	0.5975	1
113	114	14.016	0.000	0.8091	0.5461	1
113	119	28.032	0.000	0.8372	0.5292	1
113	121	42.048	0.000	0.8097	0.5231	1
113	221	224.215	0.000	0.7350	0.4600	1
113	227	252.246	0.000	0.7657	0.4552	1
113	229	250.230	0.000	0.7529	0.4813	1
114	119	14.016	0.000	0.9081	0.6341	1
114	121	28.032	0.000	0.9563	0.7829	1
114	221	210.199	0.000	0.7869	0.4926	1
114	227	238.230	0.000	0.8659	0.6121	1
114	229	236.215	0.000	0.8356	0.6061	1
114	238	264.246	0.000	0.7343	0.3698	1
115	230	238.220	0.000	0.7597	0.4540	1
118	139	14.015	0.000	0.9585	0.6596	1
118	173	-19.969	0.000	0.8888	0.7669	1
118	200	28.032	0.000	0.9460	0.8299	1
118	240	-44.025	0.000	0.8541	0.6598	1
118	243	-26.016	0.000	0.8247	0.4156	1
118	310	42.047	0.000	0.9124	0.8175	1
118	358	-21.948	0.000	0.7243	0.7420	1
118	625	26.052	0.000	0.8544	0.7103	1
119	121	14.015	0.000	0.9264	0.7155	1
119	221	196.183	0.000	0.7779	0.3441	1
119	227	224.214	0.000	0.8595	0.5306	1
119	229	222.198	0.000	0.8062	0.4372	1
119	238	250.230	0.000	0.7626	0.4162	1
120	141	-54.047	0.000	0.7242	0.5480	1
120	147	-28.030	0.000	0.7278	0.5083	1
120	280	-54.047	0.000	0.7240	0.5459	1
121	221	182.168	0.000	0.8193	0.5373	1
121	227	210.198	0.000	0.8963	0.6219	1
121	229	208.183	0.000	0.7984	0.4990	1
121	238	236.214	0.000	0.7859	0.4649	1
125	165	-15.995	0.000	0.7883	0.5160	1
126	246	1.998	0.000	0.8453	0.3661	1
126	248	-16.012	0.000	0.8462	0.3531	1
126	348	-17.993	0.000	0.7312	0.3636	1
127	135	28.031	0.000	0.7589	0.5608	1
128	218	-15.995	0.000	0.8389	0.4944	1
128	282	-17.063	0.000	0.8532	0.6354	1
128	285	27.995	0.000	0.7315	0.5300	1
132	133	18.011	0.000	0.7154	0.2834	1
132	195	14.017	0.000	0.9312	0.8210	1
132	532	-4.968	0.000	0.7031	0.5382	1
134	146	28.032	0.000	0.8909	0.5783	1
134	155	54.047	0.000	0.8977	0.5487	1
134	158	56.063	0.000	0.9238	0.5937	1
134	170	81.076	0.000	0.9096	0.5660	1
134	171	82.078	0.000	0.9259	0.5876	1
134	183	84.094	0.000	0.8989	0.4809	1
134	189	96.094	0.000	0.7572	0.4671	1
134	206	110.109	0.000	0.8171	0.5479	1
134	254	138.141	0.000	0.9098	0.5670	1
134	307	94.115	0.000	0.7343	0.5117	1
134	349	166.172	0.000	0.9031	0.5644	1
134	529	40.130	0.000	0.8413	0.5203	1
134	579	208.219	0.000	0.8818	0.5079	1
134	618	192.225	0.000	0.8136	0.3710	1
134	635	222.235	0.000	0.8528	0.5170	1
134	705	151.161	0.000	0.7017	0.4588	1
136	415	28.031	0.000	0.7033	0.2356	1
139	173	-33.984	0.000	0.8903	0.6296	1
139	200	14.016	0.000	0.9437	0.6355	1
139	240	-58.041	0.000	0.8435	0.5547	1
139	243	-40.031	0.000	0.8204	0.4750	1
139	310	28.032	0.000	0.9168	0.6576	1
139	625	12.037	0.000	0.8230	0.5660	1
141	280	-0.000	0.000	0.7917	0.6446	1
141	390	238.230	0.000	0.7699	0.5576	1
142	151	11.053	0.000	0.8059	0.3421	1
142	819	142.136	0.000	0.7586	0.3534	1
146	155	26.016	0.000	0.8688	0.5325	1
146	158	28.031	0.000	0.8985	0.5975	1
146	170	53.044	0.000	0.8788	0.5600	1
146	171	54.047	0.000	0.9257	0.5742	1
146	183	56.062	0.000	0.9027	0.5075	1
146	189	68.062	0.000	0.8012	0.6344	1
146	206	82.078	0.000	0.7598	0.4686	1
146	254	110.109	0.000	0.8863	0.6053	1
146	307	66.083	0.000	0.7061	0.4920	1
146	349	138.141	0.000	0.8848	0.5961	1
146	529	12.098	0.000	0.8045	0.4484	1
146	579	180.188	0.000	0.8539	0.5574	1
146	618	164.194	0.000	0.7827	0.3494	1
146	635	194.203	0.000	0.8119	0.5197	1
148	149	-18.011	0.000	0.7549	0.6977	1
155	158	2.015	0.000	0.9331	0.5712	1
155	170	27.028	0.000	0.9172	0.5537	1
155	171	28.031	0.000	0.9267	0.5383	1
155	183	30.046	0.000	0.9156	0.4981	1
155	189	42.046	0.000	0.7792	0.5039	1
155	206	56.062	0.000	0.8156	0.5186	1
155	254	84.094	0.000	0.9166	0.5473	1
155	307	40.067	0.000	0.7340	0.4741	1
155	349	112.125	0.000	0.9033	0.5385	1
155	529	-13.918	0.000	0.8476	0.4993	1
155	579	154.172	0.000	0.9031	0.5511	1
155	618	138.178	0.000	0.8270	0.3727	1
155	635	168.187	0.000	0.8664	0.5422	1
157	164	2.016	0.000	0.8486	0.6804	1
157	166	-1.003	0.000	0.8171	0.5969	1
157	177	28.031	0.000	0.8821	0.6870	1
157	181	25.013	0.000	0.8273	0.6556	1
157	182	26.017	0.000	0.8679	0.6935	1
157	196	54.047	0.000	0.8146	0.5974	1
157	842	164.170	0.000	0.9163	0.5565	1
157	855	114.162	0.000	0.9110	0.5514	1
157	867	155.216	0.000	0.9118	0.6092	1
158	170	25.013	0.000	0.9535	0.7730	1
158	171	26.016	0.000	0.9808	0.6608	1
158	183	28.031	0.000	0.9536	0.5537	1
158	189	40.031	0.000	0.7862	0.5183	1
158	206	54.047	0.000	0.8171	0.5224	1
158	254	82.078	0.000	0.9455	0.7117	1
158	307	38.052	0.000	0.7432	0.4654	1
158	349	110.110	0.000	0.9336	0.6195	1
158	529	-15.933	0.000	0.8547	0.5022	1
158	579	152.157	0.000	0.9344	0.7348	1
158	618	136.163	0.000	0.8482	0.3871	1
158	635	166.172	0.000	0.9057	0.6884	1
158	705	95.099	0.000	0.7179	0.3970	1
161	176	-0.001	0.000	0.9047	0.6564	1
161	298	27.994	0.000	0.9326	0.7132	1
161	334	42.009	0.000	0.8197	0.6238	1
161	477	-134.058	0.000	0.8147	0.5085	1
161	545	70.004	0.000	0.8326	0.6584	1
161	566	69.080	0.000	0.7646	0.5797	1
162	279	0.000	0.000	0.7891	0.3171	1
162	353	0.000	0.000	0.7332	0.3012	1
162	439	-0.000	0.000	0.7318	0.3354	1
163	252	14.016	0.000	0.9378	0.6247	1
163	379	-30.011	0.000	0.8611	0.6228	1
164	166	-3.019	0.000	0.9405	0.6699	1
164	177	26.016	0.000	0.9657	0.7415	1
164	181	22.997	0.000	0.9550	0.7083	1
164	182	24.001	0.000	0.9610	0.7342	1
164	196	52.032	0.000	0.9477	0.7020	1
164	724	262.230	0.000	0.7340	0.4947	1
164	842	162.155	0.000	0.7971	0.5572	1
164	855	112.147	0.000	0.8238	0.5410	1
164	864	-29.866	0.000	0.7541	0.6032	1
164	867	153.200	0.000	0.9333	0.5859	1
164	869	-29.866	0.000	0.7308	0.4689	1
166	177	29.034	0.000	0.9262	0.6399	1
166	181	26.016	0.000	0.9558	0.7100	1
166	182	27.020	0.000	0.9408	0.6589	1
166	196	55.050	0.000	0.9230	0.6315	1
166	724	265.248	0.000	0.7278	0.4847	1
166	842	165.173	0.000	0.7791	0.5348	1
166	855	115.166	0.000	0.8062	0.5316	1
166	864	-26.847	0.000	0.7378	0.5735	1
166	867	156.219	0.000	0.9112	0.5556	1
166	869	-26.847	0.000	0.7152	0.4753	1
167	224	21.047	0.000	0.7403	0.3189	1
167	525	12.057	0.000	0.7562	0.2984	1
167	804	32.015	0.000	0.7218	0.3351	1
168	358	-15.995	0.000	0.7860	0.5398	1
169	174	2.015	0.000	0.8212	0.6728	1
169	188	28.031	0.000	0.7370	0.5661	1
169	191	30.046	0.000	0.7206	0.5186	1
169	204	56.062	0.000	0.8129	0.6312	1
169	599	182.203	0.000	0.7596	0.4742	1
169	655	196.218	0.000	0.7130	0.4641	1
170	171	1.003	0.000	0.9665	0.6171	1
170	183	3.018	0.000	0.9522	0.5471	1
170	189	15.018	0.000	0.7720	0.4357	1
170	206	29.034	0.000	0.8123	0.5481	1
170	254	57.065	0.000	0.9305	0.7109	1
170	307	13.039	0.000	0.7743	0.6320	1
170	349	85.097	0.000	0.9130	0.5900	1
170	529	-40.946	0.000	0.8546	0.5129	1
170	579	127.144	0.000	0.8958	0.6685	1
170	618	111.150	0.000	0.8140	0.3465	1
170	635	141.159	0.000	0.8593	0.6138	1
171	183	2.015	0.000	0.9634	0.6739	1
171	189	14.015	0.000	0.7828	0.4671	1
171	206	28.031	0.000	0.8179	0.5014	1
171	254	56.063	0.000	0.9437	0.5735	1
171	307	12.036	0.000	0.7966	0.5147	1
171	349	84.094	0.000	0.9362	0.5691	1
171	529	-41.949	0.000	0.8578	0.4954	1
171	579	126.141	0.000	0.9286	0.5763	1
171	618	110.147	0.000	0.8471	0.4044	1
171	635	140.157	0.000	0.9007	0.5834	1
171	705	69.083	0.000	0.7182	0.4142	1
173	200	48.000	0.000	0.8548	0.6796	1
173	240	-24.057	0.000	0.7599	0.6404	1
173	243	-6.047	0.000	0.7637	0.4036	1
173	310	62.016	0.000	0.8399	0.6513	1
173	619	4.957	0.000	0.7256	0.3533	1
173	625	46.021	0.000	0.8438	0.7268	1
174	188	26.016	0.000	0.7530	0.5792	1
174	191	28.031	0.000	0.8737	0.7066	1
174	204	54.047	0.000	0.8500	0.6633	1
174	275	110.110	0.000	0.7171	0.4974	1
174	599	180.188	0.000	0.7930	0.5619	1
174	655	194.203	0.000	0.7661	0.5284	1
174	681	194.204	0.000	0.7051	0.5090	1
174	714	164.193	0.000	0.7606	0.5725	1
176	298	27.994	0.000	0.9357	0.8374	1
176	334	42.010	0.000	0.7929	0.6545	1
176	477	-134.057	0.000	0.8443	0.6221	1
176	545	70.005	0.000	0.8316	0.6798	1
176	566	69.081	0.000	0.7661	0.5894	1
177	181	-3.018	0.000	0.9689	0.7616	1
177	182	-2.014	0.000	0.9673	0.7375	1
177	196	26.016	0.000	0.9471	0.6968	1
177	724	236.214	0.000	0.7265	0.5149	1
177	842	136.139	0.000	0.8205	0.5717	1
177	855	86.131	0.000	0.8339	0.5292	1
177	864	-55.881	0.000	0.7671	0.6157	1
177	867	127.185	0.000	0.9447	0.6050	1
177	869	-55.881	0.000	0.7380	0.4615	1
179	185	28.031	0.000	0.9091	0.6637	1
179	190	56.062	0.000	0.8670	0.6043	1
181	182	1.004	0.000	0.9800	0.7817	1
181	196	29.035	0.000	0.9522	0.7467	1
181	724	239.233	0.000	0.7533	0.4863	1
181	842	139.158	0.000	0.7865	0.5971	1
181	855	89.150	0.000	0.8080	0.5797	1
181	864	-52.863	0.000	0.7450	0.6178	1
181	867	130.203	0.000	0.9263	0.6471	1
181	869	-52.863	0.000	0.7180	0.4310	1
182	196	28.030	0.000	0.9548	0.7128	1
182	724	238.228	0.000	0.7363	0.5093	1
182	842	138.153	0.000	0.8284	0.6029	1
182	855	88.145	0.000	0.8371	0.5442	1
182	864	-53.867	0.000	0.7909	0.6164	1
182	867	129.199	0.000	0.9415	0.6146	1
182	869	-53.867	0.000	0.7534	0.4538	1
183	189	12.000	0.000	0.8300	0.4819	1
183	206	26.016	0.000	0.7995	0.4752	1
183	254	54.047	0.000	0.9272	0.4974	1
183	307	10.021	0.000	0.7420	0.4680	1
183	349	82.079	0.000	0.9137	0.4862	1
183	529	-43.964	0.000	0.8302	0.4394	1
183	579	124.126	0.000	0.9160	0.5017	1
183	618	108.132	0.000	0.8368	0.4126	1
183	635	138.141	0.000	0.8806	0.4898	1
183	705	67.068	0.000	0.7227	0.4175	1
184	185	1.004	0.000	0.8678	0.6826	1
184	192	3.019	0.000	0.7376	0.6006	1
185	190	28.032	0.000	0.9376	0.7614	1
185	192	2.015	0.000	0.8264	0.6326	1
188	191	2.015	0.000	0.7803	0.6224	1
188	204	28.031	0.000	0.7543	0.5563	1
188	599	154.172	0.000	0.7443	0.5030	1
189	206	14.016	0.000	0.7163	0.5335	1
189	254	42.047	0.000	0.7747	0.4668	1
189	307	-1.979	0.000	0.8801	0.6283	1
189	349	70.079	0.000	0.8137	0.5470	1
189	529	-55.964	0.000	0.7246	0.4871	1
189	579	112.126	0.000	0.7559	0.4529	1
189	618	96.132	0.000	0.7005	0.3492	1
189	635	126.141	0.000	0.7265	0.4529	1
190	197	2.015	0.000	0.7754	0.6065	1
191	204	26.016	0.000	0.7959	0.5765	1
191	599	152.156	0.000	0.7562	0.5291	1
191	655	166.172	0.000	0.7912	0.5771	1
191	681	166.173	0.000	0.7086	0.4759	1
191	737	40.130	0.000	0.7222	0.6204	1
192	197	28.032	0.000	0.9190	0.6918	1
193	195	-18.011	0.000	0.8405	0.4165	1
196	724	210.198	0.000	0.7572	0.4985	1
196	842	110.123	0.000	0.7988	0.6066	1
196	855	60.115	0.000	0.8122	0.5639	1
196	864	-81.897	0.000	0.7850	0.5844	1
196	867	101.169	0.000	0.9265	0.6238	1
196	869	-81.898	0.000	0.7592	0.4633	1
200	240	-72.057	0.000	0.8652	0.6832	1
200	243	-54.047	0.000	0.7818	0.3970	1
200	309	31.042	0.000	0.7682	0.5641	1
200	310	14.015	0.000	0.9761	0.8888	1
200	625	-1.980	0.000	0.8745	0.7190	1
200	780	13.968	0.000	0.7279	0.6011	1
200	816	27.958	0.000	0.7183	0.3616	1
200	819	13.979	0.000	0.7015	0.4431	1
204	275	56.063	0.000	0.7693	0.5694	1
204	599	126.141	0.000	0.8582	0.6257	1
204	646	110.146	0.000	0.7372	0.4201	1
204	655	140.156	0.000	0.8125	0.5703	1
204	681	140.157	0.000	0.7536	0.5476	1
204	714	110.146	0.000	0.7268	0.5112	1
206	254	28.032	0.000	0.8207	0.5002	1
206	307	-15.995	0.000	0.7057	0.4721	1
206	349	56.063	0.000	0.8291	0.5450	1
206	529	-69.980	0.000	0.7806	0.5336	1
206	579	98.110	0.000	0.7886	0.4427	1
206	618	82.116	0.000	0.7309	0.3770	1
206	635	112.126	0.000	0.7656	0.4547	1
207	208	17.026	0.000	0.7940	0.4147	1
209	214	0.997	0.000	0.8268	0.7273	1
218	370	-17.063	0.000	0.8781	0.4876	1
218	373	27.995	0.000	0.8599	0.4756	1
218	374	-329.147	0.000	0.7673	0.4472	1
219	253	-63.995	0.000	0.7382	0.3381	1
219	406	-29.975	0.000	0.7307	0.3732	1
221	227	28.031	0.000	0.8391	0.4742	1
221	229	26.015	0.000	0.7742	0.4253	1
221	238	54.047	0.000	0.7471	0.3534	1
223	516	-90.018	0.000	0.7928	0.6101	1
223	695	-3.995	0.000	0.8221	0.6866	1
224	315	51.011	0.000	0.7865	0.3173	1
224	388	-30.010	0.000	0.7899	0.4619	1
224	419	14.974	0.000	0.7934	0.4218	1
224	431	48.959	0.000	0.7954	0.2893	1
224	461	50.975	0.000	0.7542	0.2628	1
224	525	-8.990	0.000	0.8532	0.3856	1
224	567	50.975	0.000	0.7435	0.2393	1
224	804	10.968	0.000	0.7832	0.3675	1
226	257	-33.984	0.000	0.7289	0.3382	1
226	291	16.031	0.000	0.7339	0.4562	1
226	317	-17.957	0.000	0.8066	0.5208	1
226	608	-15.959	0.000	0.7655	0.2321	1
226	705	-23.975	0.000	0.8371	0.3358	1
226	789	0.072	0.000	0.7261	0.4979	1
227	229	-2.016	0.000	0.8428	0.6143	1
227	238	26.016	0.000	0.7643	0.4075	1
229	230	-1.004	0.000	0.8941	0.6092	1
229	238	28.031	0.000	0.8737	0.5576	1
236	257	33.985	0.000	0.7175	0.3551	1
236	270	-163.064	0.000	0.7386	0.4220	1
236	331	48.000	0.000	0.7441	0.3814	1
236	419	147.068	0.000	0.8489	0.4482	1
236	552	90.046	0.000	0.8474	0.4903	1
237	589	98.110	0.000	0.7046	0.5400	1
237	793	-35.949	0.000	0.7398	0.5304	1
237	808	-35.948	0.000	0.7791	0.6830	1
237	825	-35.948	0.000	0.7669	0.6064	1
240	243	18.010	0.000	0.8463	0.4848	1
240	310	86.072	0.000	0.8303	0.6213	1
240	625	70.077	0.000	0.7488	0.6407	1
243	310	68.063	0.000	0.7569	0.3868	1
243	358	4.068	0.000	0.7048	0.4450	1
243	625	52.068	0.000	0.7370	0.3868	1
245	249	0.984	0.000	0.9017	0.4731	1
245	380	-0.000	0.000	0.8779	0.3975	1
245	420	0.000	0.000	0.9286	0.4731	1
246	247	25.996	0.000	0.9040	0.5505	1
246	248	-18.010	0.000	0.8925	0.3770	1
246	348	-19.991	0.000	0.7246	0.3444	1
247	248	-44.007	0.000	0.9059	0.3633	1
247	319	-2.988	0.000	0.7878	0.6149	1
247	348	-45.987	0.000	0.7667	0.5049	1
247	381	-0.984	0.000	0.9675	0.7337	1
247	421	-22.966	0.000	0.8449	0.4548	1
247	425	-0.984	0.000	0.9352	0.7381	1
247	501	24.012	0.000	0.8849	0.4053	1
247	516	-15.995	0.000	0.9394	0.7182	1
247	593	-25.933	0.000	0.7780	0.4347	1
247	609	-116.011	0.000	0.8153	0.4146	1
248	348	-1.981	0.000	0.7523	0.3620	1
249	420	-0.984	0.000	0.9170	0.6103	1
252	379	-44.026	0.000	0.8578	0.5857	1
252	557	42.010	0.000	0.7385	0.5706	1
254	307	-44.026	0.000	0.7472	0.4963	1
254	349	28.031	0.000	0.9308	0.5932	1
254	398	23.078	0.000	0.7121	0.4817	1
254	529	-98.011	0.000	0.8352	0.4691	1
254	579	70.078	0.000	0.9430	0.7332	1
254	618	54.084	0.000	0.8555	0.3710	1
254	635	84.094	0.000	0.9139	0.6653	1
254	705	13.021	0.000	0.7540	0.4031	1
254	833	126.104	0.000	0.7148	0.4761	1
254	843	126.105	0.000	0.7118	0.4743	1
257	317	16.027	0.000	0.7158	0.4100	1
257	331	14.016	0.000	0.7657	0.4928	1
258	371	-26.013	0.000	0.8073	0.3612	1
258	434	49.032	0.000	0.8180	0.3933	1
258	698	-10.987	0.000	0.7189	0.2782	1
258	700	87.958	0.000	0.7527	0.2119	1
258	701	87.958	0.000	0.7392	0.2248	1
258	741	68.027	0.000	0.8012	0.3842	1
258	744	-10.987	0.000	0.7421	0.2338	1
258	749	31.969	0.000	0.7650	0.2854	1
258	774	-143.030	0.000	0.7615	0.2166	1
258	801	-173.040	0.000	0.7069	0.2999	1
259	260	28.031	0.000	0.8827	0.6275	1
261	356	-2.052	0.000	0.7277	0.2212	1
261	447	-48.000	0.000	0.7456	0.4314	1
261	462	-0.000	0.000	0.8480	0.6892	1
261	525	-45.985	0.000	0.7972	0.5951	1
262	363	-2.052	0.000	0.8653	0.4995	1
262	366	-36.037	0.000	0.7768	0.2994	1
262	438	11.963	0.000	0.8793	0.6504	1
264	289	0.006	0.000	0.7275	0.6427	1
264	295	0.000	0.000	0.8905	0.7259	1
264	541	-0.000	0.000	0.8721	0.6309	1
264	729	-0.000	0.000	0.7095	0.2103	1
264	762	-0.000	0.000	0.8856	0.6709	1
264	847	-14.016	0.000	0.7827	0.6452	1
267	322	3.035	0.000	0.7359	0.5873	1
275	599	70.078	0.000	0.7810	0.6529	1
276	320	15.995	0.000	0.8509	0.6420	1
276	326	14.015	0.000	0.9253	0.6397	1
276	336	-5.990	0.000	0.8038	0.5889	1
277	327	14.015	0.000	0.8628	0.3489	1
277	579	207.049	0.000	0.7508	0.3804	1
279	353	-0.000	0.000	0.7989	0.6723	1
279	439	-0.000	0.000	0.8041	0.5290	1
280	387	236.214	0.000	0.7446	0.5080	1
280	390	238.230	0.000	0.7239	0.5099	1
281	285	-162.053	0.000	0.7850	0.5316	1
281	344	-45.969	0.000	0.8720	0.5873	1
281	377	-15.995	0.000	0.9163	0.6548	1
281	442	-74.059	0.000	0.7400	0.4677	1
281	557	17.989	0.000	0.7132	0.5359	1
282	285	45.058	0.000	0.8379	0.6074	1
282	370	-15.996	0.000	0.9024	0.5127	1
285	344	116.083	0.000	0.7210	0.3827	1
285	373	-15.995	0.000	0.9282	0.7471	1
286	371	-15.995	0.000	0.7408	0.4075	1
286	434	59.050	0.000	0.7371	0.3342	1
288	331	-33.984	0.000	0.7508	0.2479	1
289	295	-0.006	0.000	0.8086	0.7682	1
291	560	-112.014	0.000	0.7729	0.4372	1
291	561	-127.988	0.000	0.7853	0.4398	1
291	562	-90.032	0.000	0.7248	0.3434	1
291	687	-15.959	0.000	0.7616	0.4493	1
293	312	-0.000	0.000	0.9236	0.7976	1
293	485	91.045	0.000	0.7438	0.5770	1
294	423	16.965	0.000	0.7057	0.4452	1
296	335	14.015	0.000	0.7388	0.3696	1
298	334	14.016	0.000	0.9519	0.8059	1
298	477	-162.052	0.000	0.8664	0.6480	1
298	545	42.011	0.000	0.9027	0.7934	1
298	566	41.086	0.000	0.8094	0.6242	1
300	542	0.000	0.000	0.8663	0.4647	1
301	661	-4.052	0.000	0.7238	0.3176	1
301	693	60.984	0.000	0.7822	0.5711	1
305	415	14.016	0.000	0.8338	0.4366	1
305	741	-120.020	0.000	0.7138	0.4099	1
305	804	-4.020	0.000	0.7220	0.4287	1
307	349	72.058	0.000	0.8048	0.5863	1
307	579	114.105	0.000	0.7346	0.4779	1
307	635	128.120	0.000	0.7049	0.4507	1
308	556	38.992	0.000	0.7277	0.5327	1
309	310	-17.027	0.000	0.7781	0.6144	1
309	579	-26.027	0.000	0.7833	0.5836	1
309	625	-33.022	0.000	0.7586	0.5316	1
309	716	56.026	0.000	0.7087	0.4819	1
309	819	-17.063	0.000	0.7524	0.3561	1
310	507	-13.995	0.000	0.7348	0.5051	1
310	625	-15.995	0.000	0.9185	0.7778	1
310	688	12.000	0.000	0.7001	0.6613	1
310	803	-16.068	0.000	0.7261	0.5306	1
310	815	13.968	0.000	0.8143	0.7607	1
310	816	13.943	0.000	0.7772	0.3379	1
310	819	-0.037	0.000	0.7421	0.3576	1
310	824	27.959	0.000	0.8026	0.6547	1
315	419	-36.037	0.000	0.7374	0.2610	1
315	431	-2.052	0.000	0.8396	0.2477	1
315	458	-14.052	0.000	0.7110	0.2586	1
315	461	-0.036	0.000	0.7570	0.2485	1
315	525	-60.001	0.000	0.8557	0.2692	1
315	755	-18.011	0.000	0.8304	0.2820	1
315	790	-14.999	0.000	0.8506	0.2639	1
315	804	-40.043	0.000	0.7673	0.2785	1
315	819	-73.090	0.000	0.7075	0.2400	1
315	833	-26.027	0.000	0.7638	0.2653	1
315	845	-0.037	0.000	0.8047	0.2526	1
315	848	-26.027	0.000	0.7337	0.2543	1
315	853	13.979	0.000	0.7345	0.2254	1
317	363	33.988	0.000	0.7001	0.4185	1
317	608	1.998	0.000	0.7425	0.2702	1
317	619	2.982	0.000	0.7376	0.3430	1
317	789	18.029	0.000	0.7389	0.4641	1
319	381	2.004	0.000	0.7061	0.4265	1
319	398	11.989	0.000	0.8190	0.4968	1
319	425	2.005	0.000	0.7024	0.4584	1
319	501	27.000	0.000	0.7459	0.3561	1
319	516	-13.007	0.000	0.8573	0.6555	1
319	519	-34.988	0.000	0.7094	0.5166	1
320	326	-1.980	0.000	0.8307	0.5653	1
320	336	-21.985	0.000	0.8258	0.6689	1
326	336	-20.005	0.000	0.7282	0.5020	1
327	635	207.050	0.000	0.7244	0.2639	1
331	438	50.015	0.000	0.7638	0.4735	1
334	477	-176.067	0.000	0.7633	0.4719	1
334	545	27.995	0.000	0.9188	0.8031	1
334	566	27.071	0.000	0.8204	0.6974	1
337	516	12.959	0.000	0.7225	0.2986	1
339	506	13.982	0.000	0.7310	0.6327	1
339	527	14.015	0.000	0.9210	0.7462	1
340	528	14.016	0.000	0.7026	0.4509	1
344	358	-41.027	0.000	0.7587	0.4614	1
349	529	-126.043	0.000	0.8483	0.5083	1
349	579	42.047	0.000	0.9260	0.5640	1
349	618	26.053	0.000	0.8634	0.4206	1
349	635	56.063	0.000	0.9024	0.5713	1
349	705	-15.011	0.000	0.7544	0.4050	1
349	833	98.073	0.000	0.7074	0.3977	1
353	439	-0.000	0.000	0.7495	0.4498	1
356	419	-19.969	0.000	0.7498	0.2570	1
356	431	14.016	0.000	0.7485	0.2587	1
360	363	-0.057	0.000	0.7832	0.4756	1
360	461	99.011	0.000	0.7591	0.2570	1
360	525	39.047	0.000	0.7312	0.2544	1
363	366	-33.984	0.000	0.7483	0.3337	1
363	438	14.016	0.000	0.8841	0.4904	1
366	438	48.000	0.000	0.7685	0.2770	1
370	373	45.058	0.000	0.8729	0.5504	1
370	374	-312.084	0.000	0.8807	0.5659	1
371	434	75.045	0.000	0.8448	0.3312	1
371	698	15.026	0.000	0.8398	0.4404	1
371	700	113.971	0.000	0.7453	0.2154	1
371	701	113.971	0.000	0.7520	0.2264	1
371	717	15.026	0.000	0.7613	0.3626	1
371	744	15.025	0.000	0.8069	0.3181	1
371	749	57.981	0.000	0.7982	0.2924	1
371	774	-117.017	0.000	0.7906	0.2516	1
371	778	15.026	0.000	0.7099	0.2807	1
371	801	-147.027	0.000	0.7105	0.2929	1
373	377	162.053	0.000	0.7886	0.5883	1
373	725	42.010	0.000	0.8217	0.5137	1
373	738	42.010	0.000	0.8405	0.5165	1
375	384	89.061	0.000	0.8654	0.6052	1
377	382	-341.072	0.000	0.7283	0.2983	1
377	391	42.000	0.000	0.7245	0.3343	1
377	425	-72.991	0.000	0.7688	0.4453	1
377	557	33.984	0.000	0.7353	0.5245	1
377	725	-120.042	0.000	0.8260	0.4355	1
377	738	-120.042	0.000	0.8662	0.4291	1
377	839	20.978	0.000	0.7018	0.5099	1
378	381	357.142	0.000	0.8639	0.4404	1
378	382	89.061	0.000	0.9604	0.6369	1
378	417	89.062	0.000	0.8743	0.4795	1
378	425	357.142	0.000	0.8457	0.4530	1
378	725	310.091	0.000	0.7462	0.3919	1
378	738	310.091	0.000	0.7715	0.3738	1
379	556	85.034	0.000	0.7115	0.6264	1
380	833	-19.031	0.000	0.7418	0.4117	1
381	382	-268.081	0.000	0.9214	0.6041	1
381	386	-21.982	0.000	0.7245	0.1842	1
381	421	-21.982	0.000	0.8574	0.4836	1
381	425	0.000	0.000	0.9516	0.7401	1
381	501	24.995	0.000	0.8543	0.3866	1
381	516	-15.011	0.000	0.9151	0.6591	1
381	593	-24.950	0.000	0.7568	0.3964	1
381	609	-115.027	0.000	0.7987	0.3768	1
381	738	-47.051	0.000	0.8267	0.3063	1
382	385	-21.982	0.000	0.7973	0.4554	1
382	417	0.000	0.000	0.8656	0.4205	1
382	425	268.081	0.000	0.8950	0.5961	1
382	725	221.029	0.000	0.7640	0.3042	1
382	738	221.030	0.000	0.7881	0.2947	1
385	417	21.982	0.000	0.7725	0.4330	1
386	421	0.000	0.000	0.7090	0.1825	1
386	516	6.971	0.000	0.7057	0.1763	1
389	579	23.016	0.000	0.7051	0.5353	1
389	833	79.042	0.000	0.7483	0.3951	1
389	843	79.042	0.000	0.7577	0.3951	1
389	848	79.042	0.000	0.7269	0.3951	1
391	402	1.057	0.000	0.8358	0.5043	1
398	516	-24.995	0.000	0.7348	0.5536	1
398	702	-116.011	0.000	0.8317	0.5928	1
408	507	14.015	0.000	0.7605	0.5045	1
415	420	15.011	0.000	0.8812	0.6994	1
415	635	-46.031	0.000	0.7210	0.3644	1
415	833	-4.020	0.000	0.7781	0.4403	1
415	843	-4.020	0.000	0.7840	0.5944	1
417	425	268.081	0.000	0.8074	0.3374	1
417	738	221.029	0.000	0.7118	0.2776	1
418	458	14.016	0.000	0.7272	0.2811	1
419	431	33.984	0.000	0.8414	0.3460	1
419	552	-57.022	0.000	0.8730	0.6377	1
419	695	-31.990	0.000	0.7533	0.6406	1
419	804	-4.006	0.000	0.8122	0.5834	1
419	833	10.009	0.000	0.8875	0.5610	1
419	843	10.010	0.000	0.8566	0.5128	1
419	845	36.000	0.000	0.7672	0.2899	1
419	848	10.010	0.000	0.8194	0.3975	1
420	635	-61.042	0.000	0.7126	0.4040	1
421	425	21.982	0.000	0.8780	0.5117	1
421	516	6.971	0.000	0.8176	0.4939	1
421	593	-2.968	0.000	0.7295	0.4161	1
425	501	24.995	0.000	0.8330	0.3392	1
425	516	-15.011	0.000	0.9408	0.7685	1
425	519	-36.993	0.000	0.7291	0.4169	1
425	522	-13.032	0.000	0.7524	0.7021	1
425	609	-115.027	0.000	0.7787	0.3928	1
425	725	-47.052	0.000	0.7914	0.3254	1
425	738	-47.051	0.000	0.8141	0.3140	1
427	429	33.985	0.000	0.7821	0.3391	1
427	474	33.985	0.000	0.8013	0.3681	1
427	483	33.984	0.000	0.7586	0.3276	1
429	474	0.000	0.000	0.8805	0.4831	1
429	483	-0.000	0.000	0.9383	0.6274	1
431	461	2.016	0.000	0.8631	0.3583	1
431	567	2.016	0.000	0.8270	0.2347	1
431	608	-129.043	0.000	0.7172	0.2171	1
431	630	0.036	0.000	0.7864	0.3067	1
431	716	2.052	0.000	0.8904	0.3211	1
431	833	-23.975	0.000	0.8020	0.3371	1
431	845	2.015	0.000	0.8673	0.3065	1
434	697	52.942	0.000	0.7035	0.2401	1
434	698	-60.020	0.000	0.7589	0.3006	1
434	700	38.926	0.000	0.8103	0.2604	1
434	701	38.926	0.000	0.8197	0.2655	1
434	741	18.994	0.000	0.9708	0.7966	1
434	744	-60.020	0.000	0.7853	0.2528	1
434	749	-17.064	0.000	0.8734	0.3436	1
434	774	-192.062	0.000	0.7956	0.2171	1
435	436	0.071	0.000	0.7842	0.4657	1
443	449	1.032	0.000	0.7508	0.4169	1
443	645	-0.000	0.000	0.7591	0.3532	1
443	648	-43.990	0.000	0.7808	0.4498	1
443	847	32.097	0.000	0.7549	0.3131	1
443	858	42.011	0.000	0.7913	0.3700	1
446	454	-27.995	0.000	0.8839	0.6351	1
447	471	-9.106	0.000	0.7529	0.4968	1
447	525	2.015	0.000	0.7361	0.4002	1
451	458	1.991	0.000	0.7003	0.3293	1
451	541	-37.981	0.000	0.8022	0.3734	1
451	557	-16.020	0.000	0.8294	0.4250	1
451	615	-37.981	0.000	0.7272	0.3734	1
451	762	-37.981	0.000	0.8244	0.4065	1
455	578	15.938	0.000	0.7558	0.4650	1
457	507	70.099	0.000	0.9017	0.4565	1
457	525	97.146	0.000	0.8446	0.5641	1
457	551	22.085	0.000	0.7890	0.3431	1
458	716	14.052	0.000	0.7968	0.5181	1
458	755	-3.958	0.000	0.8222	0.4998	1
460	608	-129.043	0.000	0.7342	0.2075	1
461	512	-7.969	0.000	0.8536	0.4883	1
461	567	0.000	0.000	0.7819	0.2242	1
461	629	3.036	0.000	0.7991	0.3650	1
461	716	0.036	0.000	0.8396	0.4882	1
461	833	-25.991	0.000	0.7737	0.4137	1
461	843	-25.990	0.000	0.8083	0.5750	1
461	848	-25.990	0.000	0.7586	0.3498	1
461	853	14.016	0.000	0.7087	0.2094	1
466	467	18.011	0.000	0.9241	0.8096	1
466	481	-0.000	0.000	0.8545	0.7577	1
467	481	-18.011	0.000	0.8413	0.7286	1
471	494	-3.926	0.000	0.9373	0.8248	1
471	495	13.100	0.000	0.7965	0.5744	1
471	504	-1.968	0.000	0.8716	0.6311	1
471	535	-1.881	0.000	0.8401	0.7039	1
474	483	-0.000	0.000	0.8629	0.5007	1
474	488	-267.024	0.000	0.7504	0.2647	1
476	490	-0.000	0.000	0.7391	0.6399	1
477	545	204.062	0.000	0.7719	0.5523	1
478	541	-0.000	0.000	0.7850	0.6493	1
484	485	-18.011	0.000	0.8958	0.8533	1
484	542	-13.980	0.000	0.7265	0.6953	1
494	495	17.026	0.000	0.9177	0.7135	1
494	504	1.958	0.000	0.8783	0.6362	1
494	535	2.045	0.000	0.8407	0.7216	1
495	504	-15.068	0.000	0.7744	0.5425	1
495	535	-14.982	0.000	0.7546	0.5694	1
499	624	-2.055	0.000	0.7140	0.2315	1
499	839	35.950	0.000	0.7039	0.4269	1
501	502	-243.086	0.000	0.7977	0.3905	1
501	510	-1.068	0.000	0.7587	0.6206	1
501	516	-40.006	0.000	0.8852	0.4179	1
501	554	2.938	0.000	0.8699	0.5916	1
501	593	-49.945	0.000	0.7553	0.3867	1
501	609	-140.023	0.000	0.7271	0.3651	1
504	535	0.087	0.000	0.9433	0.7372	1
506	527	0.033	0.000	0.7758	0.6556	1
507	508	3.974	0.000	0.7356	0.5137	1
507	525	27.047	0.000	0.8817	0.5158	1
507	534	29.026	0.000	0.7256	0.4720	1
508	525	23.073	0.000	0.7492	0.5051	1
508	815	23.989	0.000	0.7395	0.6175	1
509	551	-37.973	0.000	0.7403	0.3154	1
509	816	37.979	0.000	0.7541	0.3044	1
510	554	4.006	0.000	0.8398	0.6493	1
510	655	28.031	0.000	0.9115	0.6591	1
510	681	28.032	0.000	0.8188	0.6197	1
510	733	30.058	0.000	0.8179	0.6152	1
510	780	42.011	0.000	0.7499	0.4871	1
511	839	-44.001	0.000	0.7001	0.4656	1
512	843	-18.022	0.000	0.7082	0.5409	1
515	553	15.977	0.000	0.7985	0.6226	1
516	519	-21.982	0.000	0.7211	0.3522	1
516	522	1.979	0.000	0.8712	0.7579	1
516	609	-100.016	0.000	0.7769	0.4251	1
525	534	1.979	0.000	0.7485	0.6414	1
525	567	59.964	0.000	0.8125	0.2384	1
525	848	33.974	0.000	0.7769	0.3777	1
529	579	168.090	0.000	0.7866	0.4221	1
529	618	152.096	0.000	0.7416	0.3554	1
529	635	182.105	0.000	0.7469	0.4418	1
541	615	-0.000	0.000	0.8860	0.5340	1
541	729	-0.000	0.000	0.7722	0.2295	1
541	762	-0.000	0.000	0.9503	0.8098	1
541	847	-14.016	0.000	0.8473	0.8016	1
542	543	-18.010	0.000	0.7073	0.4251	1
544	545	-35.037	0.000	0.7606	0.4260	1
544	566	-35.962	0.000	0.7349	0.4132	1
545	566	-0.924	0.000	0.9314	0.7391	1
545	589	20.006	0.000	0.7485	0.6288	1
545	720	48.001	0.000	0.7290	0.6283	1
545	745	48.001	0.000	0.7144	0.6475	1
545	759	48.000	0.000	0.7144	0.6800	1
545	768	48.000	0.000	0.7266	0.6779	1
545	785	48.001	0.000	0.7169	0.6000	1
556	557	1.003	0.000	0.9734	0.7713	1
557	569	4.020	0.000	0.7344	0.3242	1
560	561	-15.974	0.000	0.9439	0.6381	1
560	562	21.982	0.000	0.9375	0.6216	1
561	562	37.956	0.000	0.9302	0.6040	1
562	749	-2.964	0.000	0.8346	0.3705	1
567	755	-17.974	0.000	0.7668	0.2268	1
567	833	-25.991	0.000	0.7135	0.2448	1
567	853	14.016	0.000	0.7179	0.2076	1
579	618	-15.994	0.000	0.8946	0.3719	1
579	635	14.015	0.000	0.9782	0.7202	1
579	705	-57.058	0.000	0.8207	0.4292	1
579	833	56.026	0.000	0.8427	0.6950	1
579	843	56.026	0.000	0.8043	0.6060	1
579	848	56.026	0.000	0.7731	0.5248	1
586	587	-167.923	0.000	0.7772	0.3302	1
587	588	-83.962	0.000	0.7403	0.3978	1
589	720	27.995	0.000	0.7962	0.5892	1
589	745	27.995	0.000	0.7917	0.5725	1
589	759	27.995	0.000	0.8089	0.6278	1
589	768	27.995	0.000	0.8062	0.6056	1
589	785	27.995	0.000	0.8015	0.6210	1
593	595	0.974	0.000	0.8352	0.3883	1
599	602	4.007	0.000	0.7545	0.6661	1
599	646	-15.995	0.000	0.7615	0.3603	1
599	655	14.016	0.000	0.8539	0.6604	1
599	681	14.016	0.000	0.7854	0.5186	1
599	714	-15.995	0.000	0.8330	0.6796	1
599	828	-43.042	0.000	0.7147	0.3788	1
607	632	14.016	0.000	0.7114	0.4719	1
608	619	0.984	0.000	0.7726	0.4179	1
608	687	16.032	0.000	0.8216	0.3257	1
608	789	16.032	0.000	0.7105	0.2588	1
611	616	30.011	0.000	0.8867	0.5876	1
611	688	28.032	0.000	0.8165	0.6203	1
611	803	-0.036	0.000	0.8362	0.7645	1
611	819	15.995	0.000	0.7493	0.4088	1
615	729	-0.000	0.000	0.7201	0.2456	1
615	762	-0.000	0.000	0.8635	0.4947	1
615	847	-14.016	0.000	0.8133	0.5911	1
616	688	-1.979	0.000	0.7749	0.5370	1
616	755	41.063	0.000	0.8243	0.5513	1
616	803	-30.047	0.000	0.7321	0.4694	1
616	819	-14.016	0.000	0.8179	0.4215	1
616	839	14.004	0.000	0.7354	0.4888	1
618	635	30.010	0.000	0.8857	0.3999	1
618	705	-41.064	0.000	0.7465	0.3482	1
618	833	72.020	0.000	0.7316	0.3028	1
624	687	-31.990	0.000	0.7103	0.2117	1
624	839	38.004	0.000	0.7371	0.2255	1
625	632	-73.042	0.000	0.7050	0.4063	1
625	688	27.995	0.000	0.7271	0.6534	1
625	803	-0.073	0.000	0.7820	0.6669	1
625	816	29.938	0.000	0.7772	0.3419	1
625	819	15.958	0.000	0.7436	0.4472	1
625	824	43.954	0.000	0.7793	0.5331	1
629	630	-5.015	0.000	0.7703	0.3285	1
629	833	-29.027	0.000	0.7356	0.2912	1
632	819	89.000	0.000	0.7119	0.3514	1
633	641	-0.000	0.000	0.9453	0.5299	1
633	679	-11.944	0.000	0.7904	0.3370	1
633	686	10.039	0.000	0.7028	0.5325	1
633	755	28.031	0.000	0.8967	0.6140	1
633	795	-83.037	0.000	0.8086	0.6241	1
635	705	-71.073	0.000	0.8413	0.4243	1
635	833	42.010	0.000	0.8717	0.5976	1
635	843	42.011	0.000	0.8347	0.5018	1
635	848	42.011	0.000	0.7968	0.4939	1
641	679	-11.944	0.000	0.7985	0.3590	1
641	686	10.039	0.000	0.7275	0.4145	1
641	755	28.031	0.000	0.8891	0.5010	1
641	795	-83.037	0.000	0.8050	0.5133	1
645	648	-43.990	0.000	0.7275	0.4774	1
646	655	30.010	0.000	0.7460	0.3714	1
646	681	30.011	0.000	0.7008	0.3491	1
652	656	43.042	0.000	0.9074	0.3680	1
654	780	-45.068	0.000	0.7409	0.5813	1
655	681	0.000	0.000	0.8678	0.5882	1
655	714	-30.010	0.000	0.8022	0.6121	1
655	737	-126.042	0.000	0.7035	0.4960	1
655	780	13.979	0.000	0.7487	0.5275	1
655	828	-57.058	0.000	0.7105	0.4105	1
656	657	67.988	0.000	0.7575	0.2715	1
656	664	111.030	0.000	0.8184	0.2649	1
656	725	-3.103	0.000	0.7208	0.2491	1
656	738	-3.103	0.000	0.7484	0.2523	1
657	664	43.043	0.000	0.7639	0.1823	1
662	665	43.042	0.000	0.9165	0.4555	1
674	675	187.028	0.000	0.7929	0.4216	1
679	686	21.982	0.000	0.7190	0.3493	1
679	755	39.975	0.000	0.7112	0.2651	1
679	804	17.943	0.000	0.7465	0.2994	1
681	780	13.979	0.000	0.7021	0.4151	1
682	795	-139.063	0.000	0.7329	0.5053	1
686	746	2.993	0.000	0.8110	0.6453	1
686	761	2.993	0.000	0.8600	0.6198	1
688	803	-28.068	0.000	0.7955	0.6237	1
690	692	2.004	0.000	0.7223	0.4316	1
690	694	18.010	0.000	0.8005	0.5109	1
694	695	-10.968	0.000	0.7033	0.4734	1
697	741	-33.948	0.000	0.7088	0.2773	1
698	717	-0.000	0.000	0.7834	0.4465	1
698	744	-0.000	0.000	0.7934	0.3337	1
698	774	-132.042	0.000	0.7550	0.2820	1
698	791	-162.052	0.000	0.7538	0.2910	1
698	799	-162.053	0.000	0.8266	0.4652	1
698	801	-162.053	0.000	0.7305	0.3828	1
698	812	-162.053	0.000	0.7896	0.3503	1
698	822	-162.053	0.000	0.7216	0.3657	1
700	701	-0.000	0.000	0.7810	0.3309	1
700	741	-19.932	0.000	0.8048	0.2462	1
700	749	-55.990	0.000	0.7520	0.3133	1
701	741	-19.932	0.000	0.7977	0.2554	1
701	744	-98.946	0.000	0.7198	0.2618	1
701	749	-55.990	0.000	0.7495	0.2663	1
705	833	113.084	0.000	0.8020	0.3690	1
705	843	113.084	0.000	0.7872	0.3169	1
705	848	113.084	0.000	0.7585	0.3317	1
716	755	-18.011	0.000	0.9201	0.5780	1
716	760	-15.000	0.000	0.9167	0.6191	1
716	833	-26.027	0.000	0.8128	0.4287	1
716	843	-26.027	0.000	0.8312	0.6117	1
716	848	-26.027	0.000	0.7946	0.3696	1
717	744	-0.000	0.000	0.7932	0.3656	1
717	778	0.000	0.000	0.7152	0.3392	1
718	748	0.000	0.000	0.9542	0.4601	1
718	770	0.001	0.000	0.9001	0.2807	1
718	777	117.997	0.000	0.8831	0.4418	1
718	788	117.997	0.000	0.8798	0.4013	1
718	791	180.064	0.000	0.7264	0.2288	1
718	801	180.064	0.000	0.7515	0.3260	1
719	797	-0.000	0.000	0.7679	0.5101	1
720	745	0.000	0.000	0.9484	0.7595	1
720	758	35.037	0.000	0.7009	0.4309	1
720	759	-0.000	0.000	0.9560	0.8436	1
720	768	-0.000	0.000	0.9603	0.8445	1
720	785	0.000	0.000	0.9507	0.6790	1
720	793	-162.053	0.000	0.8461	0.5844	1
720	808	-162.053	0.000	0.8921	0.7247	1
720	825	-162.053	0.000	0.8880	0.6490	1
725	738	0.000	0.000	0.9222	0.5280	1
729	762	0.000	0.000	0.7757	0.2389	1
729	847	-14.016	0.000	0.7036	0.2385	1
741	744	-79.014	0.000	0.7643	0.2493	1
741	749	-36.058	0.000	0.8568	0.3344	1
741	774	-211.056	0.000	0.7529	0.1990	1
741	804	115.999	0.000	0.7750	0.5115	1
744	749	42.956	0.000	0.7160	0.2443	1
744	774	-132.042	0.000	0.7543	0.2578	1
744	778	0.000	0.000	0.7112	0.2879	1
744	791	-162.052	0.000	0.7039	0.2692	1
744	799	-162.053	0.000	0.7044	0.3375	1
744	801	-162.052	0.000	0.7212	0.3264	1
744	812	-162.053	0.000	0.7083	0.3426	1
744	822	-162.053	0.000	0.7207	0.3680	1
745	758	35.037	0.000	0.7085	0.4238	1
745	759	-0.000	0.000	0.9844	0.8351	1
745	768	-0.000	0.000	0.9843	0.8318	1
745	785	-0.000	0.000	0.9769	0.7176	1
745	793	-162.053	0.000	0.8558	0.5940	1
745	808	-162.053	0.000	0.9059	0.7514	1
745	825	-162.053	0.000	0.8833	0.6444	1
746	761	0.000	0.000	0.8103	0.6219	1
748	770	0.000	0.000	0.9082	0.2825	1
748	777	117.997	0.000	0.8860	0.4062	1
748	791	180.064	0.000	0.7329	0.2550	1
748	801	180.064	0.000	0.7587	0.3566	1
749	774	-174.998	0.000	0.7289	0.2250	1
750	751	-3.000	0.000	0.8139	0.7940	1
755	756	21.021	0.000	0.9172	0.5501	1
755	760	3.011	0.000	0.9741	0.5813	1
755	795	-111.069	0.000	0.8528	0.5749	1
755	819	-55.079	0.000	0.7210	0.3144	1
755	824	-27.083	0.000	0.7497	0.4722	1
757	763	-1.043	0.000	0.9070	0.7975	1
758	759	-35.037	0.000	0.7168	0.4522	1
758	767	0.000	0.000	0.7097	0.4089	1
758	768	-35.037	0.000	0.7033	0.4201	1
758	785	-35.037	0.000	0.7080	0.4352	1
758	797	-0.000	0.000	0.7069	0.3683	1
759	768	0.000	0.000	0.9921	0.9184	1
759	785	0.000	0.000	0.9856	0.7490	1
759	793	-162.053	0.000	0.8577	0.6361	1
759	808	-162.053	0.000	0.9081	0.7856	1
759	825	-162.053	0.000	0.8868	0.7025	1
762	847	-14.016	0.000	0.8680	0.7667	1
763	781	-17.956	0.000	0.7328	0.3875	1
766	786	0.000	0.000	0.7180	0.2873	1
767	797	-0.000	0.000	0.7017	0.3401	1
768	785	0.000	0.000	0.9867	0.7496	1
768	793	-162.053	0.000	0.8675	0.6099	1
768	808	-162.053	0.000	0.9186	0.7671	1
768	825	-162.053	0.000	0.8987	0.6763	1
770	777	117.997	0.000	0.8441	0.2942	1
770	788	117.997	0.000	0.8489	0.3179	1
770	801	180.063	0.000	0.7242	0.3154	1
774	791	-30.010	0.000	0.7100	0.2929	1
774	801	-30.010	0.000	0.7192	0.2935	1
775	799	-0.000	0.000	0.7153	0.4490	1
777	788	0.000	0.000	0.9381	0.5826	1
777	796	-162.054	0.000	0.9309	0.5797	1
780	815	14.016	0.000	0.9194	0.7161	1
780	839	28.031	0.000	0.9053	0.6452	1
785	793	-162.053	0.000	0.8546	0.6140	1
785	808	-162.053	0.000	0.9081	0.7500	1
785	825	-162.053	0.000	0.8878	0.6949	1
788	796	-162.054	0.000	0.9305	0.5468	1
791	799	-0.000	0.000	0.7161	0.3145	1
791	801	-0.000	0.000	0.7260	0.3374	1
791	812	-0.000	0.000	0.7048	0.3254	1
792	828	14.016	0.000	0.7428	0.4428	1
793	808	0.000	0.000	0.9599	0.7300	1
793	825	0.000	0.000	0.9556	0.7548	1
794	796	280.049	0.000	0.9146	0.3976	1
794	806	-0.000	0.000	0.9509	0.4066	1
794	820	-0.001	0.000	0.9558	0.3977	1
796	806	-280.049	0.000	0.9276	0.4811	1
799	812	0.000	0.000	0.8454	0.4101	1
799	822	0.000	0.000	0.8023	0.4709	1
800	803	0.000	0.000	0.7754	0.3300	1
803	816	30.011	0.000	0.7511	0.3317	1
803	819	16.031	0.000	0.7682	0.4039	1
803	824	44.027	0.000	0.8061	0.5175	1
804	833	14.016	0.000	0.9251	0.6734	1
804	835	0.000	0.000	0.7847	0.3847	1
804	843	14.016	0.000	0.9235	0.6808	1
804	845	40.006	0.000	0.7323	0.2848	1
804	848	14.016	0.000	0.8919	0.5215	1
806	820	-0.000	0.000	0.9755	0.6365	1
808	825	0.000	0.000	0.9776	0.7897	1
812	822	-0.000	0.000	0.7758	0.4322	1
815	819	-14.005	0.000	0.7635	0.4118	1
815	839	14.016	0.000	0.9071	0.6192	1
816	819	-13.980	0.000	0.8416	0.4538	1
816	824	14.016	0.000	0.8688	0.3857	1
816	839	14.041	0.000	0.8611	0.4016	1
819	824	27.996	0.000	0.8165	0.3746	1
833	835	-14.015	0.000	0.7278	0.3870	1
833	843	0.000	0.000	0.9631	0.6341	1
833	845	25.990	0.000	0.7567	0.2704	1
833	848	0.000	0.000	0.9340	0.5378	1
835	843	14.016	0.000	0.7443	0.3671	1
835	848	14.016	0.000	0.7376	0.3987	1
841	842	41.053	0.000	0.7504	0.4538	1
841	850	41.054	0.000	0.7253	0.5413	1
841	856	41.054	0.000	0.7411	0.5694	1
842	855	-50.008	0.000	0.9198	0.5879	1
842	864	-192.020	0.000	0.7120	0.6177	1
842	867	-8.954	0.000	0.8877	0.6230	1
843	848	0.000	0.000	0.9508	0.5355	1
850	856	0.000	0.000	0.9881	0.8889	1
850	859	0.000	0.000	0.9499	0.7918	1
851	857	-0.000	0.000	0.9110	0.6521	1
851	864	-169.051	0.000	0.8419	0.6434	1
851	867	14.015	0.000	0.7535	0.5850	1
851	869	-169.051	0.000	0.8000	0.4464	1
855	859	50.008	0.000	0.7198	0.5369	1
855	864	-142.013	0.000	0.7081	0.5642	1
855	867	41.054	0.000	0.9025	0.6266	1
856	859	0.000	0.000	0.9462	0.8158	1
857	864	-169.051	0.000	0.8847	0.6527	1
857	867	14.016	0.000	0.7592	0.5288	1
857	869	-169.051	0.000	0.8379	0.4669	1
864	867	183.066	0.000	0.7982	0.6453	1
864	869	-0.000	0.000	0.9243	0.5473	1
865	870	-0.000	0.000	0.7331	0.3070	1
867	869	-183.066	0.000	0.7613	0.5219	1
867	870	-21.982	0.000	0.8421	0.3817	1
