"feature_id","feature_id_full","feature_id_full_annotated","feature_mz","feature_rt","A_vs_B_p_value","A_vs_C_p_value","A_vs_D_p_value","B_vs_C_p_value","B_vs_D_p_value","C_vs_D_p_value","A_vs_B_p_value_minus_log10","A_vs_C_p_value_minus_log10","A_vs_D_p_value_minus_log10","B_vs_C_p_value_minus_log10","B_vs_D_p_value_minus_log10","C_vs_D_p_value_minus_log10","C_vs_D_fold_change","B_vs_D_fold_change","A_vs_D_fold_change","B_vs_C_fold_change","A_vs_C_fold_change","A_vs_B_fold_change","C_vs_D_fold_change_log2","B_vs_D_fold_change_log2","A_vs_D_fold_change_log2","B_vs_C_fold_change_log2","A_vs_C_fold_change_log2","A_vs_B_fold_change_log2","sirius_name","sirius_chebiasciiname","sirius_chebiid","sirius_confidencescoreapproximate","sirius_confidencescoreexact","sirius_csi_fingeridscore","sirius_siriusscore","sirius_zodiacscore","sirius_inchi","sirius_inchikey2d","sirius_molecularformula","sirius_adduct","sirius_smiles","canopus_npc_pathway","canopus_npc_class","canopus_npc_superclass","met_annot_structure_exact_mass","met_annot_structure_inchi","met_annot_structure_inchikey","met_annot_short_inchikey","met_annot_structure_smiles","met_annot_structure_molecular_formula","met_annot_structure_nametraditional","met_annot_structure_wikidata","met_annot_structure_taxonomy_npclassifier_01pathway","met_annot_structure_taxonomy_npclassifier_02superclass","met_annot_structure_taxonomy_npclassifier_01pathway_consensus","met_annot_structure_taxonomy_npclassifier_02superclass_consensus","met_annot_structure_taxonomy_npclassifier_03class_consensus","met_annot_organism_name","met_annot_organism_taxonomy_01domain","met_annot_organism_taxonomy_02kingdom","met_annot_organism_taxonomy_03phylum","met_annot_organism_taxonomy_04class","met_annot_organism_taxonomy_05order","met_annot_organism_taxonomy_06family","met_annot_organism_taxonomy_07tribe","met_annot_organism_taxonomy_08genus","met_annot_organism_taxonomy_09species","met_annot_organism_taxonomy_10varietas","met_annot_organism_taxonomy_ottid","met_annot_organism_wikidata","met_annot_score_taxo","A","A.pval","B","B.pval","C","C.pval","D","D.pval","MeanDecreaseAccuracy","MeanDecreaseAccuracy.pval","MeanDecreaseGini","MeanDecreaseGini.pval"
92,"92_90.06_2","NA_[92_90.06_2]",90.0552100870977,2.018329,4.1485026563981e-05,6.10353809060715e-05,0.000235683510605322,0.991492580589326,0.620818063717335,0.781911764967553,4.38210862748209,4.21441834076272,3.62767080145373,0.00371053130353034,0.207035655057489,0.106842252246719,1.08711246053126,1.11646302502756,0.655753455923172,1.02699864601125,0.603206641199486,0.587349013109488,0.120501193224806,0.158935472841821,-0.608774589148785,0.0384342796170146,-0.729275782373591,-0.767710061990605,NA,NA,NA,NA,NA,NA,NA,NA,NA,NA,NA,NA,NA,NA,NA,NA,NA,NA,NA,NA,NA,NA,NA,NA,NA,NA,NA,NA,NA,NA,NA,NA,NA,NA,NA,NA,NA,NA,NA,NA,NA,NA,NA,3.6678275402208,0.00798403193612774,0.817041456918251,0.25748502994012,-0.759694670301821,0.640718562874252,-0.817041456918251,0.586826347305389,1.57688541314594,0.115768463073852,0.204460173160173,0.570858283433134
93,"93_116.03_2","NA_[93_116.03_2]",116.034498972751,2.0183501,6.64476720313445e-08,6.64476720313445e-08,6.64476720313445e-08,1,1,1,7.17752022979501,7.17752022979501,7.17752022979501,0,0,0,1,1,0.548031471271026,1,0.548031471271026,0.548031471271026,0,0,-0.867669351075748,0,-0.867669351075748,-0.867669351075748,"N-carboxy-beta-alanine",NA,NA,0.306,0.293,-69.596,13.523,1,"InChI=1S/C4H7NO4/c6-3(7)1-2-5-4(8)9/h5H,1-2H2,(H,6,7)(H,8,9)","NSMPFGWDOGVQDR","C4H7NO4","[M - H2O + H]+","C(CNC(=O)O)C(=O)O","Amino acids and Peptides","Aminoacids","Small peptides",NA,NA,NA,NA,NA,NA,NA,NA,NA,NA,NA,NA,NA,NA,NA,NA,NA,NA,NA,NA,NA,NA,NA,NA,NA,NA,NA,3.86162431743767,0.00199600798403194,1.26693979201741,0.0558882235528942,2.05122521012367,0.0139720558882236,1.34406227991274,0.0419161676646707,3.97020214973039,0.00199600798403194,0.204610533910534,0.00199600798403194
94,"94_184.1_2","NA_[94_184.1_2]",184.09718631615,2.0187883,2.7217674815061e-05,3.57882709746127e-05,0.000147483986270625,0.996609024763581,0.620475813712063,0.740220209267661,4.56514897899018,4.44625928301049,3.83125513257976,0.00147518440630491,0.207275142732713,0.130639062102814,1.09431708897933,1.11580072772539,0.645600428536965,1.01963200516781,0.589957367054478,0.578598321810607,0.130030833573311,0.158079397424839,-0.63128655863854,0.0280485638515276,-0.761317392211851,-0.789365956063378,"1-(Ethoxycarbonyl)piperidine-4-carboxylic acid",NA,NA,0.213,0.213,-194.169,123.323,0.999,"InChI=1S/C9H15NO4/c1-2-14-9(13)10-5-3-7(4-6-10)8(11)12/h7H,2-6H2,1H3,(H,11,12)","BVEBMPFJSMEGJX","C9H15NO4","[M - H2O + H]+","CCOC(=O)N1CCC(CC1)C(=O)O","Fatty acids","N-acyl amines","Fatty amides",NA,NA,NA,NA,NA,NA,NA,NA,NA,NA,NA,NA,NA,NA,NA,NA,NA,NA,NA,NA,NA,NA,NA,NA,NA,NA,NA,3.33280907916711,0.00998003992015968,1.63736530665978,0.127744510978044,1.63736530665978,0.117764471057884,1.26693979201741,0.163672654690619,3.44640322585666,0.0179640718562874,0.181344660894661,0.730538922155689
95,"95_220.12_2","NA_[95_220.12_2]",220.118232451326,2.019277,7.68456993296418e-05,0.000105092078709679,0.000326230216187606,0.995884203007681,0.75540773926841,0.865719142770989,4.11438043277931,3.97843001758093,3.48647581608607,0.00179115647431387,0.121818570071974,0.0626229792623185,1.06819213704717,1.08964396263008,0.669224565598918,1.02008236612021,0.626502051820818,0.614168103114714,0.0951711697163972,0.123856816418685,-0.579437690728583,0.0286856467022873,-0.674608860444981,-0.703294507147268,"(4-Acetyloxy-3-oxopentan-2-yl) acetate",NA,NA,0.044,0.044,-77.868,182.673,0.996,"InChI=1S/C9H14O5/c1-5(13-7(3)10)9(12)6(2)14-8(4)11/h5-6H,1-4H3","FLVDHHXYHNMUSE","C9H14O5","[M + H3N + H]+","CC(C(=O)C(C)OC(=O)C)OC(=O)C","Fatty acids","Lactones","Fatty esters","219.110672644","InChI=1S/C9H17NO5/c1-9(2,5-11)7(14)8(15)10-4-3-6(12)13/h7,11,14H,3-5H2,1-2H3,(H,10,15)(H,12,13)","GHOKWGTUZJEAQD-UHFFFAOYSA-N","GHOKWGTUZJEAQD","CC(C)(CO)C(O)C(=O)NCCC(=O)O","C9H17NO5","DL-Pantothenic acid","http://www.wikidata.org/entity/Q179894","Amino acids and Peptides","Small peptides","Amino acids and Peptides","Small peptides","Dipeptides","Drosophila melanogaster","['Eukaryota']","['Metazoa']","['Arthropoda']","['Insecta']","['Diptera']","['Drosophilidae']","['Drosophilini']","['Drosophila']","['Drosophila melanogaster']","nan","505714.0","http://www.wikidata.org/entity/Q130888",9,3.6569808442258,0.00598802395209581,1.00100150250438,0.235528942115768,1.00100150250438,0.271457085828343,-0.426478981394723,0.502994011976048,3.41004280874253,0.0199600798403194,0.133522510822511,0.92814371257485
96,"96_202.11_2","NA_[96_202.11_2]",202.10778343964,2.019571,8.74208098159412e-05,0.000122873747407826,0.000375405153674957,0.994865328683593,0.755476486699509,0.873208859969584,4.05838517477424,3.91054089639596,3.42549976954836,0.0022357041467319,0.121779048010021,0.0588818663935224,1.0678161991847,1.09138075979756,0.668742422243194,1.02206799319101,0.626271096799052,0.612748956988431,0.094663340522776,0.126154515444668,-0.580477456081137,0.0314911749218921,-0.675140796603913,-0.706631971525806,"Pantothenate",NA,NA,0.888,0.888,-17.218,176.305,0.033,"InChI=1S/C9H17NO5/c1-9(2,5-11)7(14)8(15)10-4-3-6(12)13/h7,11,14H,3-5H2,1-2H3,(H,10,15)(H,12,13)","GHOKWGTUZJEAQD","C9H17NO5","[M - H2O + H]+","CC(C)(CO)C(C(=O)NCCC(=O)O)O","Fatty acids","N-acyl amines","Fatty amides","201.10010796","InChI=1S/C9H15NO4/c10-5(9(12)13)3-4-1-2-6(11)8-7(4)14-8/h4-8,11H,1-3,10H2,(H,12,13)/t4-,5-,6+,7+,8-/m0/s1","YMLXTGCTHGQQKS-TXXZRHAASA-N","YMLXTGCTHGQQKS","N[C@@H](C[C@@H]1CC[C@@H](O)[C@@H]2O[C@H]12)C(=O)O","C9H15NO4","L-dihydroanticapsin","http://www.wikidata.org/entity/Q27158510","Amino acids and Peptides","Small peptides","nan","nan","nan","Apis cerana","['Eukaryota']","['Metazoa']","['Arthropoda']","['Insecta']","['Hymenoptera']","['Apidae']","['Apini']","['Apis']","['Apis cerana']","nan","625771.0","http://www.wikidata.org/entity/Q306939",4,4.36613944176987,0.00199600798403194,1.67131567616219,0.109780439121756,2.14793159805948,0.0479041916167665,2.04044455927613,0.0578842315369262,4.10343023250012,0.00598802395209581,0.218802886002886,0.528942115768463
111,"111_716.52_2.1","NA_[111_716.52_2.1]",716.523911067726,2.0716376,0.0468235956972274,0.999964992496088,0.100552949391259,0.0506216970898345,0.968369589614327,0.108332900422244,1.32953523883453,1.52038318998187e-05,0.997605186274966,1.29566329923316,0.0139588574687016,0.965239629229462,0.776455123459953,1.05438237188788,0.773348587019291,1.35794373690196,0.995999077928909,0.733461225868756,-0.36502555087068,0.076398155387916,-0.370809239075133,0.441423706258596,-0.00578368820445341,-0.447207394463049,"[3-[2-aminoethoxy(hydroxy)phosphoryl]oxy-2-[(Z)-heptadec-9-enoyl]oxypropyl] (Z)-heptadec-9-enoate",NA,NA,0.615,0.532,-176.847,87.179,1,"InChI=1S/C39H74NO8P/c1-3-5-7-9-11-13-15-17-19-21-23-25-27-29-31-38(41)45-35-37(36-47-49(43,44)46-34-33-40)48-39(42)32-30-28-26-24-22-20-18-16-14-12-10-8-6-4-2/h15-18,37H,3-14,19-36,40H2,1-2H3,(H,43,44)","OOKVUXFXZHUJGT","C39H74NO8P","[M + H]+","CCCCCCCC=CCCCCCCCC(=O)OCC(COP(=O)(O)OCCN)OC(=O)CCCCCCCC=CCCCCCCC","Fatty acids","Glycerophosphoethanolamines","Glycerophospholipids","715.515204958","InChI=1S/C39H74NO8P/c1-3-5-7-9-11-13-15-17-18-20-22-24-26-28-30-32-39(42)48-37(36-47-49(43,44)46-34-33-40)35-45-38(41)31-29-27-25-23-21-19-16-14-12-10-8-6-4-2/h11,13,17-18,37H,3-10,12,14-16,19-36,40H2,1-2H3,(H,43,44)/b13-11-,18-17-/t37-/m1/s1","HBZNVZIRJWODIB-NHCUFCNUSA-N","HBZNVZIRJWODIB","CCCCC/C=C\C/C=C\CCCCCCCC(=O)O[C@H](COC(=O)CCCCCCCCCCCCCCC)COP(=O)(O)OCCN","C39H74NO8P","1-16:0-2-18:2-Phosphatidylethanolamine","http://www.wikidata.org/entity/Q27140321","Fatty acids","Glycerophospholipids","Fatty acids","Glycerophospholipids","Glycerophosphoethanolamines","Drosophila melanogaster","['Eukaryota']","['Metazoa']","['Arthropoda']","['Insecta']","['Diptera']","['Drosophilidae']","['Drosophilini']","['Drosophila']","['Drosophila melanogaster']","nan","505714.0","http://www.wikidata.org/entity/Q130888",9,1.41705050316284,0.147704590818363,2.68708616022302,0.0339321357285429,1.34406227991274,0.159680638722555,-1.29315150027968,0.768463073852295,2.17432654071266,0.0518962075848303,0.148481313131313,0.860279441117764
184,"184_662.53_2.6","NA_[184_662.53_2.6]",662.531993293361,2.56195,3.28819461925534e-06,1,1,3.28819461925534e-06,3.28819461925534e-06,1,5.48304248566748,0,0,5.48304248566748,5.48304248566748,0,1,0.579341564891134,1,0.579341564891134,1,1.72609745373252,0,-0.787513919932624,0,-0.787513919932624,0,0.787513919932624,"N,N,N',N'-Tetrakis(2-hydroxyethyl)-2,2-diundecyl-1,3-dioxolane-4,5-dicarboxamide",NA,NA,0.038,0.038,-289.561,32.663,0.067,"InChI=1S/C35H68N2O8/c1-3-5-7-9-11-13-15-17-19-21-35(22-20-18-16-14-12-10-8-6-4-2)44-31(33(42)36(23-27-38)24-28-39)32(45-35)34(43)37(25-29-40)26-30-41/h31-32,38-41H,3-30H2,1-2H3","JKPHYUDBNJXRCG","C35H68N2O8","[M + H3N + H]+","CCCCCCCCCCCC1(OC(C(O1)C(=O)N(CCO)CCO)C(=O)N(CCO)CCO)CCCCCCCCCCC","Amino acids and Peptides","Erythromycins","Macrolides",NA,NA,NA,NA,NA,NA,NA,NA,NA,NA,NA,NA,NA,NA,NA,NA,NA,NA,NA,NA,NA,NA,NA,NA,NA,NA,NA,2.00804832225625,0.0159680638722555,4.82159959601419,0.00199600798403194,1.41705050316284,0.0419161676646707,2.20808884294841,0.0139720558882236,4.76472291686804,0.00199600798403194,0.311101226551226,0.00998003992015968
218,"218_386.14_2.7","NA_[218_386.14_2.7]",386.144750585933,2.7279358,0.0235846682007711,0.00651454851542499,0.0058717900628511,0.880316270625873,0.854335106300226,0.999916908416388,1.62737022921636,2.18611567727356,2.23122948036978,0.0553612711327802,0.0683717472608116,3.6087715568619e-05,0.992137505234325,0.905042419976528,0.64418568415132,0.912214703306447,0.649290729110352,0.711774022888371,-0.0113880101906152,-0.143942680972705,-0.634451495069129,-0.13255467078209,-0.623063484878514,-0.490508814096424,"4-(acetyloxy)-2,5-dihydroxy-6-(hydroxymethyl)oxan-3-yl 3-(4-hydroxyphenyl)prop-2-enoate",NA,NA,0.117,0.117,-203.062,65.415,0.019,"InChI=1S/C17H20O9/c1-9(19)24-15-14(22)12(8-18)25-17(23)16(15)26-13(21)7-4-10-2-5-11(20)6-3-10/h2-7,12,14-18,20,22-23H,8H2,1H3","QXRDTLAXUJONPD","C17H20O9","[M + H3N + H]+","CC(=O)OC1C(C(OC(C1OC(=O)C=CC2=CC=C(C=C2)O)O)CO)O","Shikimates and Phenylpropanoids","Simple phenolic acids","Phenolic acids (C6-C1)",NA,NA,NA,NA,NA,NA,NA,NA,NA,NA,NA,NA,NA,NA,NA,NA,NA,NA,NA,NA,NA,NA,NA,NA,NA,NA,NA,2.97729023839609,0.00598802395209581,-0.262630978825355,0.586826347305389,2.85132974256101,0.00798403193612774,1.41705050316284,0.117764471057884,3.56568446093945,0.00998003992015968,0.14472417027417,0.207584830339321
270,"270_476.22_3.1","NA_[270_476.22_3.1]",476.218757072744,3.09605,0.0139593078858949,0.0139593078858951,0.0139593078858951,1,1,1,1.855136113861,1.855136113861,1.855136113861,0,0,0,1,1,0.635016938768363,1,0.635016938768363,0.635016938768363,0,0,-0.655133019299908,0,-0.655133019299908,-0.655133019299908,"2-[(1S,3S,4aS,9aR)-1-(hydroxymethyl)-6-[(2-methoxy-1-oxoethyl)amino]-3,4,4a,9a-tetrahydro-1H-pyrano[3,4-b]benzofuran-3-yl]-N-[(2-fluorophenyl)methyl]acetamide",NA,NA,0.025,0.025,-680.909,45.042,0.971,"InChI=1S/C24H27FN2O6/c1-31-13-23(30)27-15-6-7-20-17(8-15)18-9-16(32-21(12-28)24(18)33-20)10-22(29)26-11-14-4-2-3-5-19(14)25/h2-8,16,18,21,24,28H,9-13H2,1H3,(H,26,29)(H,27,30)","QLCUJBUUXYDXPU","C24H27FN2O6","[M + H3N + H]+","COCC(=O)NC1=CC2=C(C=C1)OC3C2CC(OC3CO)CC(=O)NCC4=CC=CC=C4F","Amino acids and Peptides","Tripeptides","Small peptides",NA,NA,NA,NA,NA,NA,NA,NA,NA,NA,NA,NA,NA,NA,NA,NA,NA,NA,NA,NA,NA,NA,NA,NA,NA,NA,NA,1.73727046020804,0.0199600798403194,0,0.838323353293413,0,0.808383233532934,0,0.820359281437126,1.72702014086136,0.0818363273453094,0.046971645021645,0.536926147704591
370,"370_403.21_3.7","NA_[370_403.21_3.7]",403.207993532381,3.6979723,0.0143970225421258,0.00464528396301245,0.00391882773002061,0.912768929681497,0.874172003641425,0.999624612045882,1.84172731535117,2.33298773273601,2.40684382750068,0.0396391515626003,0.0584031064013171,0.000163059524252008,0.987294231867202,0.911500195789323,0.635910781141227,0.923230549079037,0.644094496468973,0.69765292874189,-0.0184479964296525,-0.133685128733479,-0.653103726601225,-0.115237132303827,-0.634655730171572,-0.519418597867745,"6-amino-7-(2-methoxyethyl)-N-(3-methoxypropyl)-2-oxo-1,9-diaza-7-azoniatricyclo[8.4.0.03,8]tetradeca-3,5,7,9,11,13-hexaene-5-carboxamide",NA,NA,0.043,0.043,-297.705,53.412,0.992,"InChI=1S/C19H23N5O4/c1-27-10-5-7-21-18(25)13-12-14-17(24(16(13)20)9-11-28-2)22-15-6-3-4-8-23(15)19(14)26/h3-4,6,8,12,20H,5,7,9-11H2,1-2H3,(H,21,25)/p+1","JAVQIGGGXODZSE","C19H23N5O4","[M + H3N + H]+","COCCCNC(=O)C1=C([N+](=C2C(=C1)C(=O)N3C=CC=CC3=N2)CCOC)N","Alkaloids","Purine alkaloids","Pseudoalkaloids (transamidation)",NA,NA,NA,NA,NA,NA,NA,NA,NA,NA,NA,NA,NA,NA,NA,NA,NA,NA,NA,NA,NA,NA,NA,NA,NA,NA,NA,2.92293197428225,0.0259481037924152,-0.784947734032832,0.592814371257485,2.29230197460211,0.0558882235528942,1.73727046020804,0.0758483033932136,2.76996011232097,0.0259481037924152,0.175899567099567,0.435129740518962
371,"371_380.13_3.7","NA_[371_380.13_3.7]",380.131644128287,3.6984606,0.0315565230477167,0.0189449669502085,0.0939479383460361,0.990942602009491,0.918393641761942,0.791133602397404,1.50091085414373,1.72250614802185,1.02711274589623,0.00395150025990441,0.0369711316504372,0.101750168987282,1.09818332984935,1.06532055320215,0.799690255261104,0.970075327357492,0.728193766491432,0.750656929369649,0.135118916808035,0.0912876003396618,-0.322486787050251,-0.0438313164683729,-0.457605703858285,-0.413774387389912,"2-amino-N-[2-[[2-[2-(2,4-dinitroanilino)ethylamino]-2-oxoethyl]amino]-2-oxoethyl]acetamide",NA,NA,0.144,0.144,-196.43,30.054,0.804,"InChI=1S/C14H19N7O7/c15-6-12(22)18-8-14(24)19-7-13(23)17-4-3-16-10-2-1-9(20(25)26)5-11(10)21(27)28/h1-2,5,16H,3-4,6-8,15H2,(H,17,23)(H,18,22)(H,19,24)","ZWHFBDUDVSTWBY","C14H19N7O7","[M - H2O + H]+","C1=CC(=C(C=C1[N+](=O)[O-])[N+](=O)[O-])NCCNC(=O)CNC(=O)CNC(=O)CN","Amino acids and Peptides","Tripeptides","Small peptides",NA,NA,NA,NA,NA,NA,NA,NA,NA,NA,NA,NA,NA,NA,NA,NA,NA,NA,NA,NA,NA,NA,NA,NA,NA,NA,NA,2.64787483909613,0.0259481037924152,-1.57532347087875,0.874251497005988,1.14859096884849,0.215568862275449,-1.82431599565453,0.912175648702595,1.05258658637927,0.235528942115768,0.173479437229437,0.776447105788423
372,"372_396.11_3.7","NA_[372_396.11_3.7]",396.105787990523,3.6996098,0.0277472213204891,0.0186203667264832,0.030808218609126,0.995613489217859,0.999918506949075,0.991290425472397,1.55678050175215,1.73001176987886,1.51133341270523,0.00190922792001832,3.53934245088385e-05,0.00379908849996265,1.04076394310431,1.00821984679547,0.69324257572156,0.968730568997449,0.666090116125475,0.687590685627707,0.0576428863788791,0.0118102591738431,-0.52856783407633,-0.0458326272050358,-0.586210720455209,-0.540378093250173,NA,NA,NA,NA,NA,NA,NA,NA,NA,NA,NA,NA,NA,NA,NA,NA,NA,NA,NA,NA,NA,NA,NA,NA,NA,NA,NA,NA,NA,NA,NA,NA,NA,NA,NA,NA,NA,NA,NA,NA,NA,NA,NA,2.41494198171583,0.06187624750499,0,0.497005988023952,0.447303065060821,0.339321357285429,0,0.451097804391218,2.03907803793286,0.0998003992015968,0.0678641414141414,0.972055888223553
373,"373_358.15_3.7","NA_[373_358.15_3.7]",358.150082619285,3.700255,0.00525926854029457,0.00243550326258712,0.00709646336752945,0.967588967297233,0.998028818082128,0.921173614728226,2.27907465337544,2.61341128431326,2.14895803475031,0.0143090922213286,0.000856918278408198,0.0356585100717272,1.06759107635283,1.01783980177647,0.708049647938575,0.953398566475164,0.663221774349646,0.695639575798463,0.0943591516235042,0.02551051291704,-0.498077570280357,-0.0688486387064642,-0.592436721903861,-0.523588083197397,"Linocinnamarin",NA,NA,0.483,0.325,-124.941,62.858,0.034,"InChI=1S/C16H20O8/c1-22-12(18)7-4-9-2-5-10(6-3-9)23-16-15(21)14(20)13(19)11(8-17)24-16/h2-7,11,13-17,19-21H,8H2,1H3","KPYQJVYNSWDFQU","C16H20O8","[M + H3N + H]+","COC(=O)C=CC1=CC=C(C=C1)OC2C(C(C(C(O2)CO)O)O)O","Polyketides","Acyl phloroglucinols","Phloroglucinols","nan","nan","nan","QZEDVCMYXTXTKC",NA,"nan","nan","nan","nan","nan","Carbohydrates","Nucleosides","Purine nucleos(t)ides","nan","['Unknown']","['Unknown']","['Unknown']","['Unknown']","['Unknown']","['Unknown']","['Unknown']","['Unknown']","['Unknown']","nan","nan","nan",0,3.25897453697935,0.00598802395209581,-0.277371435197549,0.524950099800399,1.19481959117152,0.177644710578842,0.905275016545724,0.207584830339321,2.92848300354067,0.0259481037924152,0.170805050505051,0.520958083832335
376,"376_154.09_3.7","(2-methyl-3-phenylpropoxy)sulfonic acid_[376_154.09_3.7]",154.086571883109,3.7024577,0.00579984772010389,0.00337387790982424,0.0132304604567587,0.988396616941768,0.963268900656403,0.856826800164215,2.23658340905547,2.47187063723266,1.87842504089567,0.00506874975927082,0.0162524607782379,0.0671069579308649,1.07814537786894,1.04541987977218,0.745457673796403,0.969646488526954,0.69142593299419,0.71307011490814,0.10855172520495,0.0640824990536827,-0.423801654568533,-0.0444692261512673,-0.532353379773483,-0.487884153622215,"3-Methylbenzoic Acid","(2-methyl-3-phenylpropoxy)sulfonic acid","CHEBI:191908",0.078,0.078,-80.395,114.62,1,"InChI=1S/C8H8O2/c1-6-3-2-4-7(5-6)8(9)10/h2-5H,1H3,(H,9,10)","GPSDUZXPYCFOSQ","C8H8O2","[M + H3N + H]+","CC1=CC(=CC=C1)C(=O)O","Shikimates and Phenylpropanoids","Cinnamic acids and derivatives","Phenylpropanoids (C6-C3)","153.078978592","InChI=1S/C8H11NO2/c9-4-3-6-1-2-7(10)8(11)5-6/h1-2,5,10-11H,3-4,9H2","VYFYYTLLBUKUHU-UHFFFAOYSA-N","VYFYYTLLBUKUHU","NCCc1ccc(O)c(O)c1","C8H11NO2","Dopamine","http://www.wikidata.org/entity/Q170304","Alkaloids","Tyrosine alkaloids","nan","nan","nan","Periplaneta americana","['Eukaryota']","['Metazoa']","['Arthropoda']","['Insecta']","['Blattodea']","['Blattidae']","['Unknown']","['Dictyoptera']","['Periplaneta americana']","nan","48288.0","http://www.wikidata.org/entity/Q267996",4,2.70756938358411,0.0219560878243513,1.96874807739539,0.06187624750499,1.73727046020804,0.093812375249501,1.61006778528067,0.103792415169661,3.31650562906157,0.0199600798403194,0.224124603174603,0.417165668662675
377,"377_196.1_3.7","NA_[377_196.1_3.7]",196.097418430637,3.7026405,0.00482526679497941,0.00289679309856994,0.0107987195586621,0.990099503211369,0.96521117561033,0.868212487830269,2.31647866897634,2.5380825228695,1.96662773725146,0.00432115739830127,0.0153776582947476,0.0613739718297616,1.07354894213435,1.04345087661557,0.7440037050398,0.971963955868708,0.693031939056854,0.713022262679942,0.102387963870182,0.061362683170205,-0.426618289106156,-0.0410252806999768,-0.529006252976338,-0.487980972276362,"3-acetylphenyl acetate",NA,NA,0.233,0.149,-62.352,78.627,1,"InChI=1S/C10H10O3/c1-7(11)9-4-3-5-10(6-9)13-8(2)12/h3-6H,1-2H3","OTHYPAMNTUGKDK","C10H10O3","[M + H3N + H]+","CC(=O)C1=CC(=CC=C1)OC(=O)C","Shikimates and Phenylpropanoids","Cinnamic acids and derivatives","Phenylpropanoids (C6-C3)","195.089543276","InChI=1S/C10H13NO3/c1-7(12)11-5-4-8-2-3-9(13)10(14)6-8/h2-3,6,13-14H,4-5H2,1H3,(H,11,12)","OFSAJYZMIPNPHE-UHFFFAOYSA-N","OFSAJYZMIPNPHE","CC(=O)NCCc1ccc(O)c(O)c1","C10H13NO3","N-Acetyldopamine","http://www.wikidata.org/entity/Q27216289","Alkaloids","Tyrosine alkaloids","Carbohydrates","Nucleosides","Purine nucleos(t)ides","Aedes aegypti","['Eukaryota']","['Metazoa']","['Arthropoda']","['Insecta']","['Diptera']","['Culicidae']","['Aedini']","['Aedes']","['Aedes aegypti']","nan","269666.0","http://www.wikidata.org/entity/Q1148004",5,4.12657515774993,0.00399201596806387,1.0516125038101,0.19560878243513,1.67131567616219,0.0978043912175649,1.8966081045272,0.0399201596806387,4.10749595970696,0.00598802395209581,0.197293145743146,0.55688622754491
378,"378_626.23_3.7","NA_[378_626.23_3.7]",626.230503137227,3.7172885,0.0191744529867435,0.00761944313535745,0.118786764072287,0.950500340742287,0.717486897620098,0.419060285434533,1.71727701685629,2.11807676777834,0.925231948333033,0.0220477231094603,0.144186025385953,0.377723495534326,1.18758860905794,1.11793453514815,0.804003651638947,0.9413483142407,0.677005189765777,0.719186702227066,0.248035160668234,0.160835708232646,-0.314726041008736,-0.0871994524355883,-0.56276120167697,-0.475561749241382,"3'-O-(N-Acetyl-phe-phe)adenosine",NA,NA,0.13,0.091,-638.315,12.676,0.133,"InChI=1S/C30H33N7O7/c1-17(39)35-20(12-18-8-4-2-5-9-18)28(41)36-21(13-19-10-6-3-7-11-19)30(42)44-25-22(14-38)43-29(24(25)40)37-16-34-23-26(31)32-15-33-27(23)37/h2-11,15-16,20-22,24-25,29,38,40H,12-14H2,1H3,(H,35,39)(H,36,41)(H2,31,32,33)","WEIPLWZEEZJDEL","C30H33N7O7","[M + Na]+","CC(=O)NC(CC1=CC=CC=C1)C(=O)NC(CC2=CC=CC=C2)C(=O)OC3C(OC(C3O)N4C=NC5=C(N=CN=C54)N)CO","Carbohydrates","Purine nucleosides","Nucleosides",NA,NA,NA,NA,NA,NA,NA,NA,NA,NA,NA,NA,NA,NA,NA,NA,NA,NA,NA,NA,NA,NA,NA,NA,NA,NA,NA,1.41705050316284,0.151696606786427,-0.277371435197549,0.479041916167665,1.00100150250438,0.229540918163673,0,0.445109780439122,0.884915035270365,0.219560878243513,0.0948949494949495,0.966067864271457
391,"391_154.1_3.8","NA_[391_154.1_3.8]",154.097693905066,3.8339388,0.0313374658259186,0.676210261901303,4.82998767249443e-05,0.206958569295588,0.00732632943128342,0.000242083259954673,1.50393612663957,0.169918242837784,4.31605397769041,0.684116586558516,2.13511355701028,3.6160352409617,1.53250391230576,1.29716411046985,1.69883065989605,0.846434452828363,1.10853267404717,1.30964975532719,0.615890756954821,0.375361013424205,0.764542051283729,-0.240529743530616,0.148651294328907,0.389181037859524,"1-(3-methylpyrazin-2-yl)ethan-1-one",NA,NA,0.401,0.315,-32.637,77.083,1,"InChI=1S/C7H8N2O/c1-5-7(6(2)10)9-4-3-8-5/h3-4H,1-2H3","QUNOTZOHYZZWKQ","C7H8N2O","[M + H3N + H]+","CC1=NC=CN=C1C(=O)C","Alkaloids","Pyrazine and Piperazine alkaloids","Peptide alkaloids","153.090211972","InChI=1S/C7H11N3O/c1-6(11)9-3-2-7-4-8-5-10-7/h4-5H,2-3H2,1H3,(H,8,10)(H,9,11)","XJWPISBUKWZALE-UHFFFAOYSA-N","XJWPISBUKWZALE","CC(=O)NCCc1cnc[nH]1","C7H11N3O","N-Acetylhistamine","http://www.wikidata.org/entity/Q27095359","Alkaloids","Histidine alkaloids","Alkaloids","Histidine alkaloids","Imidazole alkaloids","Drosophila melanogaster","['Eukaryota']","['Metazoa']","['Arthropoda']","['Insecta']","['Diptera']","['Drosophilidae']","['Drosophilini']","['Drosophila']","['Drosophila melanogaster']","nan","505714.0","http://www.wikidata.org/entity/Q130888",9,2.30038758405958,0.0738522954091816,1.50932053315694,0.121756487025948,1.19481959117152,0.197604790419162,4.98526763012561,0.00399201596806387,4.57792718335485,0.0159680638722555,0.494663924963925,0.0698602794411178
441,"441_102.09_4.1","isoamyl acetate_[441_102.09_4.1]",102.091780725615,4.1264887,0.0217163729027119,0.080476226711294,0.00807498704333653,0.000255012452174297,0.940289879137336,0.000111584406665366,1.66321270946434,1.09433239457543,2.09285816584045,3.59343861259134,0.0267382384192413,3.95239649153058,0.593293807329124,0.945286015098939,0.709018922446373,1.59328481676626,1.19505532282263,0.750057560485715,-0.753181370545869,-0.081177183401839,-0.496103963959588,0.67200418714403,0.257077406586281,-0.414926780557749,"3-(ethenyloxy)prop-1-ene","isoamyl acetate","CHEBI:31725",0.024,0.024,-43.068,46.413,0.015,"InChI=1S/C5H8O/c1-3-5-6-4-2/h3-4H,1-2,5H2","ZXABMDQSAABDMG","C5H8O","[M + H3N + H]+","C=CCOC=C","Fatty acids","Fatty aldehydes","Fatty acyls",NA,NA,NA,NA,NA,NA,NA,NA,NA,NA,NA,NA,NA,NA,NA,NA,NA,NA,NA,NA,NA,NA,NA,NA,NA,NA,NA,-0.697071480677524,0.554890219560878,3.8087498795557,0.00998003992015968,4.63097841733699,0.00798403193612774,3.18226785571857,0.0159680638722555,4.77876795350431,0.00798403193612774,0.404257792207792,0.119760479041916
462,"462_144.07_4.3","NA_[462_144.07_4.3]",144.065669147547,4.2612023,0.00225052989610541,0.0178813382844596,0.000295880249067682,0.635637711703123,0.594114372671315,0.114049322058711,2.6477152135065,1.74759998062926,3.52888402438721,0.19679034447486,0.226129941149084,0.942907291948365,0.802144665911216,0.8874155151623,0.624817143598961,1.1063035794849,0.778933240039917,0.704086341655507,-0.318065646272797,-0.172318318096101,-0.678494056506875,0.145747328176695,-0.360428410234079,-0.506175738410774,"3alpha,4alpha-Dihydroxypiperidine-2alpha-carboxylic acid",NA,NA,0.156,0.156,-167.501,44.697,1,"InChI=1S/C6H11NO4/c8-3-1-2-7-4(5(3)9)6(10)11/h3-5,7-9H,1-2H2,(H,10,11)","SUCGXPHEYBRFIL","C6H11NO4","[M - H2O + H]+","C1CNC(C(C1O)O)C(=O)O","Amino acids and Peptides","Aminoacids","Small peptides",NA,NA,NA,NA,NA,NA,NA,NA,NA,NA,NA,NA,NA,NA,NA,NA,NA,NA,NA,NA,NA,NA,NA,NA,NA,NA,NA,4.29462489048283,0.00399201596806387,-0.808650306353942,0.594810379241517,2.97729023839609,0.0139720558882236,2.93423683033675,0.0119760479041916,4.42192202662608,0.00199600798403194,0.393531096681097,0.0239520958083832
463,"463_138.06_4.3","NA_[463_138.06_4.3]",138.055292786821,4.261881,0.000954440080677799,0.00646492262262788,0.000167503454120865,0.670342223406044,0.676046513262461,0.157423672548053,3.02025133122822,2.18943666873669,3.77597623286496,0.173703424475103,0.170023422759116,0.802929960134753,0.820658379731929,0.901880541855899,0.619008284212906,1.0989719524347,0.754282536437521,0.686352854380364,-0.285146307030402,-0.148991740215242,-0.691969377672536,0.136154566815159,-0.406823070642135,-0.542977637457294,"1-(3-Hydroxypyridin-4-yl)ethanone",NA,NA,0.135,0.124,-60.693,36.976,0.016,"InChI=1S/C7H7NO2/c1-5(9)6-2-3-8-4-7(6)10/h2-4,10H,1H3","REYSBWKWFPSDDR","C7H7NO2","[M + H]+","CC(=O)C1=C(C=NC=C1)O","Alkaloids","Pyridine alkaloids","Nicotinic acid alkaloids","nan","nan","nan","DYFSAZGSIBFUAI",NA,"nan","nan","nan","nan","nan","nan","nan","nan","nan","['Unknown']","['Unknown']","['Unknown']","['Unknown']","['Unknown']","['Unknown']","['Unknown']","['Unknown']","['Unknown']","nan","nan","nan",0,3.31550477497124,0.00998003992015968,-0.447303065060821,0.538922155688623,0.611075277500422,0.281437125748503,1.9042342233658,0.0538922155688623,3.47622231691524,0.00998003992015968,0.239278643578644,0.297405189620758
465,"465_126.06_4.3","NA_[465_126.06_4.3]",126.055470348879,4.2621937,7.63849811513673e-07,1.89936812899916e-06,1.60962184914126e-07,0.817350919848535,0.395030356650187,0.107905249961839,6.11699202420287,5.72139085364181,6.79327614143463,0.0875914442839632,0.403369529135333,0.966957424881592,0.847800045809537,0.895248474416773,0.528299028343607,1.05596653225222,0.623141070768817,0.59011441341777,-0.238204050540602,-0.159639939820459,-0.92057333842345,0.0785641107201439,-0.682369287882848,-0.760933398602991,"(2R)-2-Amino-6-Hydroxy-4-Hexynoic Acid",NA,NA,0.02,0.02,-124.184,15.523,1,"InChI=1S/C6H9NO3/c7-5(6(9)10)3-1-2-4-8/h5,8H,3-4,7H2,(H,9,10)","HAPOKOYCNZZHNP","C6H9NO3","[M - H2O + H]+","C(C#CCO)C(C(=O)O)N","Amino acids and Peptides","Aminoacids","Small peptides",NA,NA,NA,NA,NA,NA,NA,NA,NA,NA,NA,NA,NA,NA,NA,NA,NA,NA,NA,NA,NA,NA,NA,NA,NA,NA,NA,3.48965911803031,0.00798403193612774,-0.447303065060821,0.524950099800399,1.1248120402493,0.179640718562874,2.88136606782406,0.0139720558882236,3.64393393352866,0.00798403193612774,0.276153896103896,0.0898203592814371
466,"466_204.09_4.3","NA_[466_204.09_4.3]",204.087013681447,4.2622275,0.0123623668176681,0.0693037947781245,0.000316577110086369,0.757603988686976,0.171621837177389,0.0325898449934166,1.90789837411374,1.1592429846367,3.49952048973443,0.120557747494509,0.765427453303995,1.48691770515817,0.769707101916194,0.828470763567165,0.641953911324581,1.07634548454169,0.834023630191835,0.774866102166968,-0.377618536095495,-0.271477308727178,-0.639458371200661,0.106141227368318,-0.261839835105166,-0.367981062473484,"N-[(1R,2S,3R,4R,5S)-2,3-dihydroxy-6,8-dioxabicyclo[3.2.1]octan-4-yl]acetamide",NA,NA,0.51,0.238,-121.152,148.639,0.013,"InChI=1S/C8H13NO5/c1-3(10)9-5-7(12)6(11)4-2-13-8(5)14-4/h4-8,11-12H,2H2,1H3,(H,9,10)","PJFUEEUSPVNDFW","C8H13NO5","[M + H]+","CC(=O)NC1C(C(C2COC1O2)O)O","Carbohydrates","Aminosugars","Aminosugars and aminoglycosides","162.05282342","InChI=1S/C6H10O5/c1-6(11,2-4(7)8)3-5(9)10/h11H,2-3H2,1H3,(H,7,8)(H,9,10)","NPOAOTPXWNWTSH-UHFFFAOYSA-N","NPOAOTPXWNWTSH","CC(O)(CC(=O)O)CC(=O)O","C6H10O5","Meglutol","http://www.wikidata.org/entity/Q524670","Fatty acids","Fatty Acids and Conjugates","Fatty acids","Fatty Acids and Conjugates","Dicarboxylic acids","Drosophila melanogaster","['Eukaryota']","['Metazoa']","['Arthropoda']","['Insecta']","['Diptera']","['Drosophilidae']","['Drosophilini']","['Drosophila']","['Drosophila melanogaster']","nan","505714.0","http://www.wikidata.org/entity/Q130888",9,4.12344313203224,0.00199600798403194,0.992813749438589,0.241516966067864,2.49914594565722,0.031936127744511,3.05174619377154,0.0139720558882236,4.40126436728412,0.00399201596806387,0.37358189033189,0.0518962075848303
467,"467_186.08_4.3","NA_[467_186.08_4.3]",186.076469877158,4.262833,0.0178890154333121,0.091713678231014,0.000744737655822503,0.781580056329841,0.284683438802335,0.063496990433619,1.74741356125746,1.03756588856931,3.12799668657227,0.107026531091235,0.545637796800927,1.19724685847254,0.78807754902536,0.848132885350096,0.659131929515054,1.07620485623402,0.836379529311833,0.777156434917595,-0.343590493010913,-0.237637771117734,-0.601360836015874,0.10595272189318,-0.257770343004961,-0.36372306489814,"1-(2,4,5-trihydroxyphenyl)ethan-1-one",NA,NA,0.253,0.108,-64.36,166.883,0.829,"InChI=1S/C8H8O4/c1-4(9)5-2-7(11)8(12)3-6(5)10/h2-3,10-12H,1H3","WCJLAYDOJJYRHF","C8H8O4","[M + H3N + H]+","CC(=O)C1=CC(=C(C=C1O)O)O","Polyketides","Simple phenolic acids","Cyclic polyketides","185.068807832","InChI=1S/C8H11NO4/c1-5(9-6(2)10)7(11)3-4-8(12)13/h1,3-4H2,2H3,(H,9,10)(H,12,13)","JRLAQUJSYKXZFV-UHFFFAOYSA-N","JRLAQUJSYKXZFV","C=C(NC(C)=O)C(=O)CCC(=O)O","C8H11NO4","Alaremycin","http://www.wikidata.org/entity/Q77519097","Fatty acids","Fatty Acids and Conjugates","Fatty acids","Fatty Acids and Conjugates","Dicarboxylic acids","Streptomyces","['Bacteria']","['Unknown']","['Actinobacteria']","['Unknown']","['Streptomycetales']","['Streptomycetaceae']","['Unknown']","['Streptomyces']","['Unknown']","nan","772892.0","http://www.wikidata.org/entity/Q1144013",0,3.8862201138392,0.00199600798403194,1.49954867316542,0.141716566866267,1.38483767299946,0.177644710578842,2.96282374174266,0.00998003992015968,4.4945913030324,0.00199600798403194,0.291005772005772,0.139720558882236
468,"468_244.08_4.3","NA_[468_244.08_4.3]",244.079395750966,4.264983,0.0109424040793571,0.0187356285909782,0.000362336980688438,0.989422414726874,0.218626776707154,0.135645217542617,1.96088725170489,1.72733173149927,3.44088733891794,0.00461825519891598,0.660296648132008,0.867595513597671,0.823284076615113,0.842556826235324,0.651891781420924,1.0234095984213,0.791818765766904,0.773706604851424,-0.280537772128467,-0.247154102761218,-0.61729560798574,0.033383669367249,-0.336757835857272,-0.370141505224521,"3-[(N,N-Dimethylsulfamoyl)amino]phenylboronic Acid",NA,NA,0.026,0.026,-185.086,63.142,0.059,"InChI=1S/C8H13BN2O4S/c1-11(2)16(14,15)10-8-5-3-4-7(6-8)9(12)13/h3-6,10,12-13H,1-2H3","UHPQMFBFPJCLDX","C8H13BN2O4S","[M + H]+","B(C1=CC(=CC=C1)NS(=O)(=O)N(C)C)(O)O","Amino acids and Peptides","Aminoacids","Small peptides",NA,NA,NA,NA,NA,NA,NA,NA,NA,NA,NA,NA,NA,NA,NA,NA,NA,NA,NA,NA,NA,NA,NA,NA,NA,NA,NA,3.99694008028973,0.00598802395209581,0.277371435197549,0.341317365269461,0.188988986231798,0.375249500998004,1.29859179144543,0.147704590818363,2.77186327555978,0.031936127744511,0.26213455988456,0.29940119760479
513,"513_133.03_4.5","NA_[513_133.03_4.5]",133.032076338829,4.5303197,0.0302609663641088,0.0517786900496868,0.99834932777585,0.989239022066248,0.0402566924426506,0.0685423723426039,1.51911720718201,1.28584894098861,0.000717470155451165,0.0046987605539794,1.3951619103444,1.16404086813679,1.32948627358486,1.37994261169384,0.985642462712465,1.0379517555852,0.741370920705146,0.714263371795309,0.410868882022001,0.464608270230781,-0.0208636844053979,0.0537393882087802,-0.431732566427399,-0.485471954636179,"[Hydroxymethyl(dimethoxy)silyl]formaldehyde",NA,NA,0.002,0.002,-50.29,68.711,0.991,"InChI=1S/C4H10O4Si/c1-7-9(3-5,4-6)8-2/h3,6H,4H2,1-2H3","DPTZQCSCOWREAY","C4H10O4Si","[M - H2O + H]+","CO[Si](CO)(C=O)OC","Fatty acids","Halogenated fatty acids","Fatty Acids and Conjugates","nan","nan","nan","RAIRJKWTBBDDAR",NA,"nan","nan","nan","nan","nan","nan","nan","nan","nan","['Unknown']","['Unknown']","['Unknown']","['Unknown']","['Unknown']","['Unknown']","['Unknown']","['Unknown']","['Unknown']","nan","nan","nan",0,1.3115576564675,0.159680638722555,2.38694898425629,0.0658682634730539,2.1417646843906,0.0898203592814371,0.607200725421405,0.249500998003992,3.27711304663172,0.0439121756487026,0.315807381507381,0.373253493013972
515,"515_150.06_4.5","NA_[515_150.06_4.5]",150.058783135508,4.530455,0.0250274443255974,0.029348285686668,0.985378832673676,0.999714111676327,0.0455580969117942,0.0533101697421134,1.6015834960553,1.53241726199949,0.00639677121856457,0.000124177472702472,1.34143442590042,1.27318993465857,1.36769137563495,1.38347776556677,0.969464029364573,1.0115423627092,0.708832450533296,0.700744206732816,0.451742717743261,0.46829945799606,-0.0447407247864206,0.0165567402527987,-0.496483442529682,-0.51304018278248,"4-Methoxybutane-1-sulfonamide",NA,NA,0.023,0.017,-423.013,127.927,1,"InChI=1S/C5H13NO3S/c1-9-4-2-3-5-10(6,7)8/h2-5H2,1H3,(H2,6,7,8)","RDCXBJGICKBAQR","C5H13NO3S","[M - H2O + H]+","COCCCCS(=O)(=O)N","Amino acids and Peptides","Aminoacids","Small peptides","149.051049592","InChI=1S/C5H11NO2S/c1-9-3-2-4(6)5(7)8/h4H,2-3,6H2,1H3,(H,7,8)","FFEARJCKVFRZRR-UHFFFAOYSA-N","FFEARJCKVFRZRR","CSCCC(N)C(=O)O","C5H11NO2S","2-Amino-4-methylsulfanylbutanoate;hydron","http://www.wikidata.org/entity/Q180341","Amino acids and Peptides","Small peptides","Amino acids and Peptides","Small peptides","Aminoacids","Drosophila melanogaster","['Eukaryota']","['Metazoa']","['Arthropoda']","['Insecta']","['Diptera']","['Drosophilidae']","['Drosophilini']","['Drosophila']","['Drosophila melanogaster']","nan","505714.0","http://www.wikidata.org/entity/Q130888",9,1.1562432251572,0.19560878243513,0.169035680605574,0.407185628742515,3.24523285178825,0.0239520958083832,-0.277371435197549,0.413173652694611,2.76596110612139,0.0698602794411178,0.200677200577201,0.7624750499002
571,"571_116.07_4.9","NA_[571_116.07_4.9]",116.071028154155,4.9121795,0.00177358744838707,0.999739065052503,0.762543722010874,0.00205276065191029,0.00037223194570124,0.71364023158597,2.75114739336872,0.00011333739532042,0.117735250100934,2.68766168560964,3.42918635757169,0.146520674518604,1.063972321366,1.49476381786269,1.05838532118017,1.40488975873321,0.994748923375515,0.708061908197324,0.0894606204374002,0.579917547489422,0.0818649580298495,0.490456927052022,-0.00759566240755063,-0.498052589459572,"2-amino-3-hydroxypentanoic acid",NA,NA,0.647,0.547,-105.99,23.143,1,"InChI=1S/C5H11NO3/c1-2-3(7)4(6)5(8)9/h3-4,7H,2,6H2,1H3,(H,8,9)","LGVJIYCMHMKTPB","C5H11NO3","[M - H2O + H]+","CCC(C(C(=O)O)N)O","Amino acids and Peptides","Aminoacids","Small peptides",NA,NA,NA,NA,NA,NA,NA,NA,NA,NA,NA,NA,NA,NA,NA,NA,NA,NA,NA,NA,NA,NA,NA,NA,NA,NA,NA,2.30038758405958,0.0518962075848303,4.7309059289424,0.00199600798403194,1.61006778528067,0.105788423153693,2.32181730106286,0.06187624750499,4.5283373522362,0.00598802395209581,0.311729365079365,0.273453093812375
572,"572_70.07_4.9","NA_[572_70.07_4.9]",70.0654546700715,4.913337,0.0027460367123795,0.999144915491814,0.88557718477776,0.0034269530411325,0.000837882360390396,0.827161160365459,2.56129366088031,0.000371517345476105,0.052773580761626,2.46509184658174,3.07681695251495,0.0824098662169748,1.05449582341627,1.47992584463076,1.0457508101802,1.4034440078067,0.991706924729448,0.706623790627235,0.0765533810030443,0.565524887838172,0.064539115689335,0.488971506835128,-0.0120142653137093,-0.500985772148837,NA,NA,NA,NA,NA,NA,NA,NA,NA,NA,NA,NA,NA,NA,NA,NA,NA,NA,NA,NA,NA,NA,NA,NA,NA,NA,NA,NA,NA,NA,NA,NA,NA,NA,NA,NA,NA,NA,NA,NA,NA,NA,NA,1.51099471303875,0.141716566866267,4.90076190493971,0.00199600798403194,2.32181730106286,0.0518962075848303,2.3269502762573,0.0538922155688623,5.09011955080002,0.00598802395209581,0.344525613275613,0.183632734530938
611,"611_219.13_5.5","NA_[611_219.13_5.5]",219.134417825115,5.4535446,0.0318747324943197,0.0318747324943197,0.0318747324943199,1,1,1,1.49655345131809,1.49655345131809,1.49655345131809,0,0,0,1,1,0.653035203058429,1,0.653035203058429,0.653035203058429,0,0,-0.614767329901407,0,-0.614767329901407,-0.614767329901407,"(2S)-2-amino-6-(1,2,3-trihydroxypropylamino)hexanoic acid",NA,NA,0.238,0.238,-189.461,108.695,1,"InChI=1S/C9H20N2O5/c10-6(9(15)16)3-1-2-4-11-8(14)7(13)5-12/h6-8,11-14H,1-5,10H2,(H,15,16)","MGWIHFLXYFRGCX","C9H20N2O5","[M - H2O + H]+","C(CCNC(C(CO)O)O)CC(C(=O)O)N","Amino acids and Peptides","Aminoacids","Small peptides","218.126657056","InChI=1S/C9H18N2O4/c1-6(8(12)13)11-7(9(14)15)4-2-3-5-10/h6-7,11H,2-5,10H2,1H3,(H,12,13)(H,14,15)/t6-,7+/m1/s1","ZZYYVZYAZCMNPG-RQJHMYQMSA-N","ZZYYVZYAZCMNPG","C[C@@H](N[C@@H](CCCCN)C(=O)O)C(=O)O","C9H18N2O4","(2S)-6-azaniumyl-2-{[(1R)-1-carboxylatoethyl]azaniumyl}hexanoate","http://www.wikidata.org/entity/Q27102265","Amino acids and Peptides","Small peptides","Amino acids and Peptides","Small peptides","Aminoacids","Apis cerana","['Eukaryota']","['Metazoa']","['Arthropoda']","['Insecta']","['Hymenoptera']","['Apidae']","['Apini']","['Apis']","['Apis cerana']","nan","625771.0","http://www.wikidata.org/entity/Q306939",4,1.41705050316284,0.0279441117764471,0,0.856287425149701,1.00100150250438,0.13373253493014,0,0.834331337325349,1.34406227991274,0.131736526946108,0.069570202020202,0.119760479041916
665,"665_226.95_5.8","NA_[665_226.95_5.8]",226.951856166137,5.7873545,0.00241948389149149,0.148411352498272,0.652319166250161,0.129577077896155,0.0183487025859222,0.672465160074205,2.61627726500386,0.828532877097547,0.185539860977131,0.887471818092533,1.73639463875222,0.172330211220682,1.11230584704436,1.45658345569802,0.905766273118835,1.30951703577616,0.814314044581938,0.621843032457603,0.153553535673753,0.542588363800531,-0.142789274322579,0.389034828126778,-0.296342809996332,-0.68537763812311,NA,NA,NA,NA,NA,NA,NA,NA,NA,NA,NA,NA,NA,NA,NA,NA,NA,NA,NA,NA,NA,NA,NA,NA,NA,NA,NA,NA,NA,NA,NA,NA,NA,NA,NA,NA,NA,NA,NA,NA,NA,NA,NA,2.28290540632661,0.0379241516966068,3.63925872890883,0.00399201596806387,-3.42248166461653,1,2.91688370477886,0.0239520958083832,3.03350528355818,0.0259481037924152,0.328395865245865,0.13373253493014
666,"666_158.96_5.8","NA_[666_158.96_5.8]",158.964493413571,5.787719,7.57962443731497e-05,0.232881435065307,0.626950264385742,0.00163797716646086,0.000453655636435957,0.851198055101448,4.1203523126849,0.632865131345338,0.202766910141465,2.78569215663492,3.34327368886953,0.0699693773653732,1.04849647695041,1.49518688751762,0.934460139159826,1.42602948163109,0.891238225118064,0.624978821685135,0.0683220138477494,0.580325822111535,-0.0977949699891106,0.512003808263786,-0.16611698383686,-0.678120792100646,NA,NA,NA,NA,NA,NA,NA,NA,NA,NA,NA,NA,NA,NA,NA,NA,NA,NA,NA,NA,NA,NA,NA,NA,NA,NA,NA,NA,NA,NA,NA,NA,NA,NA,NA,NA,NA,NA,NA,NA,NA,NA,NA,1.71058924980998,0.0778443113772455,3.35372088325507,0.00998003992015968,-2.1001107252027,0.976047904191617,1.9042342233658,0.0538922155688623,3.16557463529118,0.0259481037924152,0.303372005772006,0.259481037924152
700,"700_266.16_6.1","NA_[700_266.16_6.1]",266.160441535258,6.0745716,0.000137105370080604,0.0243913441667077,0.994763629952468,0.0347335075392649,0.000195023790554694,0.0372134058183664,3.86294553462916,1.61276426577489,0.00228010156826208,1.45925135754641,3.70991240670721,1.42930058097457,1.26430303642466,1.72632842055766,0.984159201705692,1.36543879973552,0.778420341763005,0.570088049287733,0.338342299550385,0.787706952140047,-0.0230363840653849,0.449364652589662,-0.36137868361577,-0.810743336205432,"(2S,3S,4R,5S)-6-[2-(2-methoxyethoxy)ethylamino]hexane-1,2,3,4,5-pentol",NA,NA,0.023,0.023,-135.225,89.838,1,"InChI=1S/C11H25NO7/c1-18-4-5-19-3-2-12-6-8(14)10(16)11(17)9(15)7-13/h8-17H,2-7H2,1H3","RDQUJEAXJAFZRR","C11H25NO7","[M - H2O + H]+","COCCOCCNCC(C(C(C(CO)O)O)O)O","Amino acids and Peptides","Cyanogenic glycosides","Amino acid glycosides",NA,NA,NA,NA,NA,NA,NA,NA,NA,NA,NA,NA,NA,NA,NA,NA,NA,NA,NA,NA,NA,NA,NA,NA,NA,NA,NA,2.03856595305422,0.063872255489022,4.9058350274957,0.00598802395209581,3.22189739708921,0.0259481037924152,3.44072752400945,0.0219560878243513,5.57088117648424,0.00598802395209581,0.477211038961039,0.0958083832335329
712,"712_151.05_6.2","NA_[712_151.05_6.2]",151.048237343284,6.1610518,0.0298323116151019,0.152971682210637,0.0729516636245591,0.769830987250116,0.953252843861226,0.968360167642408,1.52531309317543,0.815388957403992,1.13696479979894,0.113604611660649,0.0207918904116005,0.0139630830560846,0.926771565200325,1.09996610817239,0.674521854240258,1.18687943121629,0.727818892560064,0.613220579460385,-0.10971431414362,0.137459072545492,-0.568062908210078,0.247173386689112,-0.458348594066458,-0.70552198075557,NA,NA,NA,NA,NA,NA,NA,NA,NA,NA,NA,NA,NA,NA,NA,NA,NA,NA,NA,NA,NA,NA,NA,NA,NA,NA,NA,NA,NA,NA,NA,NA,NA,NA,NA,NA,NA,NA,NA,NA,NA,NA,NA,2.43975018237133,0.0479041916167665,2.33644103985384,0.0758483033932136,0.972203468478169,0.213572854291417,-1.00100150250438,0.666666666666667,2.57680409544255,0.0758483033932136,0.0883215728715729,0.986027944111776
713,"713_169.06_6.2","NA_[713_169.06_6.2]",169.059031920643,6.161429,0.0273851937529124,0.231613969940629,0.0398541420410611,0.587417814291369,0.996293807953156,0.712002676650237,1.56248418204858,0.635235249412847,1.39952653569584,0.231052887007759,0.00161256884900322,0.147518373705499,0.883733888784931,1.02709186220494,0.724474878351182,1.16221848594843,0.81978849916832,0.705365220980225,-0.17831608627447,0.0385652208193955,-0.464992430649028,0.216881307093865,-0.286676344374558,-0.503557651468424,"Hgln",NA,NA,0.909,0.896,-78.298,54.076,1,"InChI=1S/C5H10N2O3/c6-3(5(9)10)1-2-4(7)8/h3H,1-2,6H2,(H2,7,8)(H,9,10)","ZDXPYRJPNDTMRX","C5H10N2O3","[M + Na]+","C(CC(=O)N)C(C(=O)O)N","Amino acids and Peptides","Aminoacids","Small peptides",NA,NA,NA,NA,NA,NA,NA,NA,NA,NA,NA,NA,NA,NA,NA,NA,NA,NA,NA,NA,NA,NA,NA,NA,NA,NA,NA,1.00100150250438,0.213572854291417,1.41705050316284,0.159680638722555,-0.817041456918251,0.6187624750499,0,0.453093812375249,0.617615537727615,0.275449101796407,0.10345937950938,0.994011976047904
715,"715_84.04_6.2","NA_[715_84.04_6.2]",84.0447294479239,6.1713333,0.0134056631805122,0.856243446409249,0.0126331146899832,0.0535264988329296,3.83632961065139e-05,0.0032193197378505,1.87271169652536,0.0674027395277717,1.89848956109108,1.27143116287973,4.41608408608495,2.49223588771693,1.31784576338896,1.6569603185484,1.24866090207732,1.25732491963808,0.947501548941721,0.753585277872694,0.398181531639831,0.728539052819512,0.320381738504498,0.330357521179681,-0.0777997931353337,-0.408157314315015,NA,NA,NA,NA,NA,NA,NA,NA,NA,NA,NA,NA,NA,NA,NA,NA,NA,NA,NA,NA,NA,NA,NA,NA,NA,NA,NA,NA,NA,NA,NA,NA,NA,NA,NA,NA,NA,NA,NA,NA,NA,NA,NA,1.84453388024833,0.0918163672654691,2.69299085905714,0.0239520958083832,-0.412638740863523,0.540918163672655,3.75171747527874,0.0119760479041916,3.53988229538515,0.0239520958083832,0.393155555555555,0.0978043912175649
716,"716_130.05_6.2","NA_[716_130.05_6.2]",130.050173292295,6.1713333,0.0140720487413473,0.904440950288134,0.00846968726488562,0.0458185052632462,2.94083028717917e-05,0.00266775232472116,1.85164266928244,0.0436197823709617,2.07213262528227,1.33895908290115,4.53153003753587,2.57385449297134,1.32011479225632,1.66549189168688,1.26160225751147,1.2616265657021,0.955676176732446,0.757495286412748,0.400663386415767,0.735948330384766,0.335257146802318,0.335284943969,-0.0654062396134489,-0.400691183582448,"3-aminopentanedioic acid",NA,NA,0.348,0.193,-84.553,68.181,1,"InChI=1S/C5H9NO4/c6-3(1-4(7)8)2-5(9)10/h3H,1-2,6H2,(H,7,8)(H,9,10)","BBJIPMIXTXKYLZ","C5H9NO4","[M - H2O + H]+","C(C(CC(=O)O)N)C(=O)O","Amino acids and Peptides","Aminoacids","Small peptides",NA,NA,NA,NA,NA,NA,NA,NA,NA,NA,NA,NA,NA,NA,NA,NA,NA,NA,NA,NA,NA,NA,NA,NA,NA,NA,NA,3.06467327923688,0.0279441117764471,2.82364427714309,0.0219560878243513,-0.134842424195377,0.465069860279441,5.04882583533135,0.00399201596806387,4.9568247938914,0.00399201596806387,0.479467243867244,0.0399201596806387
718,"718_707.22_6.2","NA_[718_707.22_6.2]",707.222285968825,6.1792197,0.00463478584510568,0.0141558894503698,0.0158735885791408,0.915671132552234,0.891519304329194,0.999893680854548,2.33397032806481,1.84906283761985,1.79932488018034,0.0382604771650681,0.0498692484809125,4.6176272945059e-05,0.994076778705483,0.939291634707303,1.49348691510248,0.944888417905182,1.50238587913435,1.59001407009004,-0.00857081052447232,-0.090354934215153,0.578684597809765,-0.0817841236906807,0.587255408334238,0.669039532024919,NA,NA,NA,NA,NA,NA,NA,NA,NA,NA,NA,NA,NA,NA,NA,NA,"342.116211524|342.11621152399994|342.11621152399994","InChI=1S/C12H22O11/c13-1-4-6(16)8(18)9(19)11(21-4)23-12(3-15)10(20)7(17)5(2-14)22-12/h4-11,13-20H,1-3H2/t4-,5-,6-,7-,8+,9-,10+,11-,12+/m1/s1|InChI=1S/C12H22O11/c13-1-3-5(15)6(16)9(19)12(22-3)23-10-4(2-14)21-11(20)8(18)7(10)17/h3-20H,1-2H2/t3-,4-,5-,6+,7-,8-,9-,10-,11?,12-/m1/s1|InChI=1S/C12H22O11/c13-1-3-5(14)8(17)10(19)12(23-3)21-2-4-6(15)7(16)9(18)11(20)22-4/h3-20H,1-2H2/t3-,4-,5-,6-,7+,8+,9-,10-,11?,12+/m1/s1","CZMRCDWAGMRECN-UGDNZRGBSA-N|GUBGYTABKSRVRQ-PICCSMPSSA-N|DLRVVLDZNNYCBX-RTPHMHGBSA-N","CZMRCDWAGMRECN|GUBGYTABKSRVRQ|DLRVVLDZNNYCBX","OC[C@H]1O[C@@](CO)(O[C@H]2O[C@H](CO)[C@@H](O)[C@H](O)[C@H]2O)[C@@H](O)[C@@H]1O|OC[C@H]1O[C@H](O[C@H]2[C@H](O)[C@@H](O)C(O)O[C@@H]2CO)[C@H](O)[C@@H](O)[C@@H]1O|OC[C@H]1O[C@H](OC[C@H]2OC(O)[C@H](O)[C@@H](O)[C@@H]2O)[C@H](O)[C@@H](O)[C@@H]1O","C12H22O11|C12H22O11|C12H22O11","Sucrose|D-(+)-Maltose|Brachiose","http://www.wikidata.org/entity/Q4027534|http://www.wikidata.org/entity/Q170002|http://www.wikidata.org/entity/Q28487684","Carbohydrates|Carbohydrates|Carbohydrates","Saccharides|Saccharides|Saccharides","Carbohydrates","Saccharides","Disaccharides","Drosophila melanogaster|Drosophila melanogaster|Drosophila melanogaster","['Eukaryota']|['Eukaryota']|['Eukaryota']","['Metazoa']|['Metazoa']|['Metazoa']","['Arthropoda']|['Arthropoda']|['Arthropoda']","['Insecta']|['Insecta']|['Insecta']","['Diptera']|['Diptera']|['Diptera']","['Drosophilidae']|['Drosophilidae']|['Drosophilidae']","['Drosophilini']|['Drosophilini']|['Drosophilini']","['Drosophila']|['Drosophila']|['Drosophila']","['Drosophila melanogaster']|['Drosophila melanogaster']|['Drosophila melanogaster']","nan|nan|nan","505714.0|505714.0|505714.0","http://www.wikidata.org/entity/Q130888|http://www.wikidata.org/entity/Q130888|http://www.wikidata.org/entity/Q130888",NA,2.00804832225625,0.0858283433133733,-0.447303065060821,0.538922155688623,0.378018479507039,0.315369261477046,-1.00100150250438,0.686626746506986,0.378730458386488,0.305389221556886,0.0823865079365079,0.998003992015968
744,"744_365.11_6.4","NA_[744_365.11_6.4]",365.106160148583,6.3763366,0.00508949415967452,0.0159581828786901,0.0289361737389832,0.910833558745708,0.753812984086967,0.985851030620099,2.29332537966301,1.79701656227642,1.53855889664154,0.0405609766190512,0.122736386296393,0.00618870520836594,0.973177675074228,0.9251254359832,1.36325527250877,0.950623364754681,1.40082875658321,1.47358965550432,-0.0392248699964773,-0.112279103742791,0.447055735216986,-0.073054233746314,0.486280605213463,0.559334838959777,"Brachiose",NA,NA,0.434,0.332,-28.933,42.082,1,"InChI=1S/C12H22O11/c13-1-3-5(14)8(17)10(19)12(23-3)21-2-4-6(15)7(16)9(18)11(20)22-4/h3-20H,1-2H2","DLRVVLDZNNYCBX","C12H22O11","[M + Na]+","C(C1C(C(C(C(O1)OCC2C(C(C(C(O2)O)O)O)O)O)O)O)O","Carbohydrates","Disaccharides","Saccharides","342.116211524|342.11621152399994|342.11621152399994","InChI=1S/C12H22O11/c13-1-4-6(16)8(18)9(19)11(21-4)23-12(3-15)10(20)7(17)5(2-14)22-12/h4-11,13-20H,1-3H2/t4-,5-,6-,7-,8+,9-,10+,11-,12+/m1/s1|InChI=1S/C12H22O11/c13-1-3-5(15)6(16)9(19)12(22-3)23-10-4(2-14)21-11(20)8(18)7(10)17/h3-20H,1-2H2/t3-,4-,5-,6+,7-,8-,9-,10-,11?,12-/m1/s1|InChI=1S/C12H22O11/c13-1-3-5(14)8(17)10(19)12(23-3)21-2-4-6(15)7(16)9(18)11(20)22-4/h3-20H,1-2H2/t3-,4-,5-,6-,7+,8+,9-,10-,11?,12+/m1/s1","CZMRCDWAGMRECN-UGDNZRGBSA-N|GUBGYTABKSRVRQ-PICCSMPSSA-N|DLRVVLDZNNYCBX-RTPHMHGBSA-N","CZMRCDWAGMRECN|GUBGYTABKSRVRQ|DLRVVLDZNNYCBX","OC[C@H]1O[C@@](CO)(O[C@H]2O[C@H](CO)[C@@H](O)[C@H](O)[C@H]2O)[C@@H](O)[C@@H]1O|OC[C@H]1O[C@H](O[C@H]2[C@H](O)[C@@H](O)C(O)O[C@@H]2CO)[C@H](O)[C@@H](O)[C@@H]1O|OC[C@H]1O[C@H](OC[C@H]2OC(O)[C@H](O)[C@@H](O)[C@@H]2O)[C@H](O)[C@@H](O)[C@@H]1O","C12H22O11|C12H22O11|C12H22O11","Sucrose|D-(+)-Maltose|Brachiose","http://www.wikidata.org/entity/Q4027534|http://www.wikidata.org/entity/Q170002|http://www.wikidata.org/entity/Q28487684","Carbohydrates|Carbohydrates|Carbohydrates","Saccharides|Saccharides|Saccharides","Carbohydrates","Nucleosides","Purine nucleos(t)ides","Drosophila melanogaster|Drosophila melanogaster|Drosophila melanogaster","['Eukaryota']|['Eukaryota']|['Eukaryota']","['Metazoa']|['Metazoa']|['Metazoa']","['Arthropoda']|['Arthropoda']|['Arthropoda']","['Insecta']|['Insecta']|['Insecta']","['Diptera']|['Diptera']|['Diptera']","['Drosophilidae']|['Drosophilidae']|['Drosophilidae']","['Drosophilini']|['Drosophilini']|['Drosophilini']","['Drosophila']|['Drosophila']|['Drosophila']","['Drosophila melanogaster']|['Drosophila melanogaster']|['Drosophila melanogaster']","nan|nan|nan","505714.0|505714.0|505714.0","http://www.wikidata.org/entity/Q130888|http://www.wikidata.org/entity/Q130888|http://www.wikidata.org/entity/Q130888",NA,2.86337963710694,0.0239520958083832,1.34406227991274,0.165668662674651,1.67977957158412,0.107784431137725,-0.142860058398289,0.449101796407186,3.24746997841476,0.0339321357285429,0.213064646464646,0.534930139720559
748,"748_707.22_6.4","NA_[748_707.22_6.4]",707.222182122085,6.389777,0.00196900067649819,0.00883562286646122,0.0217460195932513,0.814317518207867,0.524566020617935,0.953910266696807,2.7057541346494,2.05376282952653,1.66262022500293,0.0892062222387559,0.280199844771345,0.0204924769849267,0.96046004366083,0.899565838871629,1.38029032406294,0.936598919245926,1.43711373853921,1.53439611023281,-0.0582024976664236,-0.152699219261034,0.464971748911672,-0.0944967215946104,0.523174246578096,0.617670968172706,NA,NA,NA,NA,NA,NA,NA,NA,NA,NA,NA,NA,NA,NA,NA,NA,"342.116211524|342.11621152399994|342.11621152399994","InChI=1S/C12H22O11/c13-1-4-6(16)8(18)9(19)11(21-4)23-12(3-15)10(20)7(17)5(2-14)22-12/h4-11,13-20H,1-3H2/t4-,5-,6-,7-,8+,9-,10+,11-,12+/m1/s1|InChI=1S/C12H22O11/c13-1-3-5(15)6(16)9(19)12(22-3)23-10-4(2-14)21-11(20)8(18)7(10)17/h3-20H,1-2H2/t3-,4-,5-,6+,7-,8-,9-,10-,11?,12-/m1/s1|InChI=1S/C12H22O11/c13-1-3-5(14)8(17)10(19)12(23-3)21-2-4-6(15)7(16)9(18)11(20)22-4/h3-20H,1-2H2/t3-,4-,5-,6-,7+,8+,9-,10-,11?,12+/m1/s1","CZMRCDWAGMRECN-UGDNZRGBSA-N|GUBGYTABKSRVRQ-PICCSMPSSA-N|DLRVVLDZNNYCBX-RTPHMHGBSA-N","CZMRCDWAGMRECN|GUBGYTABKSRVRQ|DLRVVLDZNNYCBX","OC[C@H]1O[C@@](CO)(O[C@H]2O[C@H](CO)[C@@H](O)[C@H](O)[C@H]2O)[C@@H](O)[C@@H]1O|OC[C@H]1O[C@H](O[C@H]2[C@H](O)[C@@H](O)C(O)O[C@@H]2CO)[C@H](O)[C@@H](O)[C@@H]1O|OC[C@H]1O[C@H](OC[C@H]2OC(O)[C@H](O)[C@@H](O)[C@@H]2O)[C@H](O)[C@@H](O)[C@@H]1O","C12H22O11|C12H22O11|C12H22O11","Sucrose|D-(+)-Maltose|Brachiose","http://www.wikidata.org/entity/Q4027534|http://www.wikidata.org/entity/Q170002|http://www.wikidata.org/entity/Q28487684","Carbohydrates|Carbohydrates|Carbohydrates","Saccharides|Saccharides|Saccharides","Carbohydrates","Saccharides","Disaccharides","Drosophila melanogaster|Drosophila melanogaster|Drosophila melanogaster","['Eukaryota']|['Eukaryota']|['Eukaryota']","['Metazoa']|['Metazoa']|['Metazoa']","['Arthropoda']|['Arthropoda']|['Arthropoda']","['Insecta']|['Insecta']|['Insecta']","['Diptera']|['Diptera']|['Diptera']","['Drosophilidae']|['Drosophilidae']|['Drosophilidae']","['Drosophilini']|['Drosophilini']|['Drosophilini']","['Drosophila']|['Drosophila']|['Drosophila']","['Drosophila melanogaster']|['Drosophila melanogaster']|['Drosophila melanogaster']","nan|nan|nan","505714.0|505714.0|505714.0","http://www.wikidata.org/entity/Q130888|http://www.wikidata.org/entity/Q130888|http://www.wikidata.org/entity/Q130888",NA,0,0.413173652694611,1.61006778528067,0.127744510978044,-2.04044455927613,0.92814371257485,1.70266414755955,0.11377245508982,0.615622564213554,0.243512974051896,0.19116645021645,0.706586826347305
758,"758_325.11_6.5","N-[2-methoxy-4-[(2-methyl-1-oxopropyl)amino]phenyl]-2-furancarboxamide_[758_325.11_6.5]",325.112928643774,6.458135,0.0153341436732868,0.79933886903377,0.165375372668701,0.00317850100267647,0.524348177141928,0.0358875287999451,1.81434047193779,0.0972690683056712,0.781529164133072,2.4977776472328,0.280380237450004,1.44505644597152,0.775309302381397,1.14694360867203,0.829028660160966,1.47933683389215,1.06928764767115,0.722815536782007,-0.367156119996622,0.197794460674431,-0.270506117222579,0.564950580671053,0.0966500027740432,-0.46830057789701,"N-[2-methoxy-4-[(2-methyl-1-oxopropyl)amino]phenyl]-2-furancarboxamide","N-[2-methoxy-4-[(2-methyl-1-oxopropyl)amino]phenyl]-2-furancarboxamide","CHEBI:120558",0.046,0.046,-334.733,68.936,0.092,"InChI=1S/C16H18N2O4/c1-10(2)15(19)17-11-6-7-12(14(9-11)21-3)18-16(20)13-5-4-8-22-13/h4-10H,1-3H3,(H,17,19)(H,18,20)","XQYLAZBXHBOISL","C16H18N2O4","[M + Na]+","CC(C)C(=O)NC1=CC(=C(C=C1)NC(=O)C2=CC=CO2)OC","Amino acids and Peptides","Cyanogenic glycosides","Amino acid glycosides",NA,NA,NA,NA,NA,NA,NA,NA,NA,NA,NA,NA,NA,NA,NA,NA,NA,NA,NA,NA,NA,NA,NA,NA,NA,NA,NA,0.0867116489221481,0.379241516966068,1.51532546056454,0.135728542914172,1.96874807739539,0.0978043912175649,-0.108466504993364,0.457085828343313,1.90999707445293,0.109780439121756,0.197377344877345,0.744510978043912
759,"759_360.15_6.5","NA_[759_360.15_6.5]",360.150312599381,6.4586987,0.0179754072062288,0.797154453455911,0.161434588960053,0.00367958926481948,0.585324507365325,0.0346796207945564,1.74532126253534,0.0984575232904829,0.79200340774848,2.43420065686396,0.232603291722647,1.45992565997703,0.771042035711178,1.1370849099601,0.825462848868627,1.4747378966327,1.07058086412533,0.725946533665278,-0.375118579677129,0.185339989150588,-0.276724808833141,0.560458568827718,0.0983937708439886,-0.462064797983729,"Brachiose",NA,NA,0.454,0.332,-20.7,119.876,0.792,"InChI=1S/C12H22O11/c13-1-3-5(14)8(17)10(19)12(23-3)21-2-4-6(15)7(16)9(18)11(20)22-4/h3-20H,1-2H2","DLRVVLDZNNYCBX","C12H22O11","[M + H3N + H]+","C(C1C(C(C(C(O1)OCC2C(C(C(C(O2)O)O)O)O)O)O)O)O","Carbohydrates","Disaccharides","Saccharides","342.116211524|342.11621152399994|342.11621152399994","InChI=1S/C12H22O11/c13-1-4-6(16)8(18)9(19)11(21-4)23-12(3-15)10(20)7(17)5(2-14)22-12/h4-11,13-20H,1-3H2/t4-,5-,6-,7-,8+,9-,10+,11-,12+/m1/s1|InChI=1S/C12H22O11/c13-1-3-5(15)6(16)9(19)12(22-3)23-10-4(2-14)21-11(20)8(18)7(10)17/h3-20H,1-2H2/t3-,4-,5-,6+,7-,8-,9-,10-,11?,12-/m1/s1|InChI=1S/C12H22O11/c13-1-3-5(14)8(17)10(19)12(23-3)21-2-4-6(15)7(16)9(18)11(20)22-4/h3-20H,1-2H2/t3-,4-,5-,6-,7+,8+,9-,10-,11?,12+/m1/s1","CZMRCDWAGMRECN-UGDNZRGBSA-N|GUBGYTABKSRVRQ-PICCSMPSSA-N|DLRVVLDZNNYCBX-RTPHMHGBSA-N","CZMRCDWAGMRECN|GUBGYTABKSRVRQ|DLRVVLDZNNYCBX","OC[C@H]1O[C@@](CO)(O[C@H]2O[C@H](CO)[C@@H](O)[C@H](O)[C@H]2O)[C@@H](O)[C@@H]1O|OC[C@H]1O[C@H](O[C@H]2[C@H](O)[C@@H](O)C(O)O[C@@H]2CO)[C@H](O)[C@@H](O)[C@@H]1O|OC[C@H]1O[C@H](OC[C@H]2OC(O)[C@H](O)[C@@H](O)[C@@H]2O)[C@H](O)[C@@H](O)[C@@H]1O","C12H22O11|C12H22O11|C12H22O11","Sucrose|D-(+)-Maltose|Brachiose","http://www.wikidata.org/entity/Q4027534|http://www.wikidata.org/entity/Q170002|http://www.wikidata.org/entity/Q28487684","Carbohydrates|Carbohydrates|Carbohydrates","Saccharides|Saccharides|Saccharides","Carbohydrates","Saccharides","Disaccharides","Drosophila melanogaster|Drosophila melanogaster|Drosophila melanogaster","['Eukaryota']|['Eukaryota']|['Eukaryota']","['Metazoa']|['Metazoa']|['Metazoa']","['Arthropoda']|['Arthropoda']|['Arthropoda']","['Insecta']|['Insecta']|['Insecta']","['Diptera']|['Diptera']|['Diptera']","['Drosophilidae']|['Drosophilidae']|['Drosophilidae']","['Drosophilini']|['Drosophilini']|['Drosophilini']","['Drosophila']|['Drosophila']|['Drosophila']","['Drosophila melanogaster']|['Drosophila melanogaster']|['Drosophila melanogaster']","nan|nan|nan","505714.0|505714.0|505714.0","http://www.wikidata.org/entity/Q130888|http://www.wikidata.org/entity/Q130888|http://www.wikidata.org/entity/Q130888",NA,1.73727046020804,0.115768463073852,1.88495900889183,0.093812375249501,2.68770499457728,0.029940119760479,-0.0985338844607282,0.453093812375249,2.51359042807934,0.0678642714570858,0.222594733044733,0.622754491017964
760,"760_145.05_6.5","NA_[760_145.05_6.5]",145.049828218057,6.4587245,0.015462513518129,0.823014859613486,0.156421998444557,0.00347141408981899,0.54725137275101,0.0366410415571544,1.81071990767996,0.084592323487753,0.80570216987432,2.45949357814737,0.261813140354017,1.43603218958673,0.775048714998666,1.14297764501066,0.826046089120284,1.47471716666561,1.06579892738962,0.722714125447819,-0.367641102335036,0.192797186800284,-0.275705816038928,0.56043828913532,0.0919352862961075,-0.468503002839212,NA,NA,NA,NA,NA,NA,NA,NA,NA,NA,NA,NA,NA,NA,NA,NA,NA,NA,NA,NA,NA,NA,NA,NA,NA,NA,NA,NA,NA,NA,NA,NA,NA,NA,NA,NA,NA,NA,NA,NA,NA,NA,NA,0.918436681771044,0.233532934131737,3.40137285826631,0.0179640718562874,1.89235847314096,0.0778443113772455,0.945755984821918,0.253493013972056,2.96583357951952,0.0339321357285429,0.227530375180375,0.604790419161677
761,"761_163.06_6.5","NA_[761_163.06_6.5]",163.060633407687,6.459288,0.0164150745130759,0.876468740176376,0.178791153277319,0.00449444846125524,0.517996590088685,0.05210857488471,1.78475714153383,0.0572635686871288,0.747653974230797,2.34732359535007,0.285673099155428,1.2830908041729,0.783685422840163,1.15205590997349,0.82914073979134,1.47004892064766,1.05800199369084,0.719705296082739,-0.351653432872702,0.204210733346367,-0.270311086814737,0.555864166219069,0.0813423460579649,-0.474521820161104,"(2-Oxo-5,6-dihydroxy-1,2,3,6-tetrahydropyrimidine-4-yloxy)radical",NA,NA,-Inf,-Inf,-154.962,78.09,0.015,"InChI=1S/C4H5N2O4/c7-1-2(8)5-4(10)6-3(1)9/h2,7-8H,(H2,5,6,10)","XIDIWNPEMQQEGG","C4H5N2O4","[M + H3N + H]+","C1(C(=C(NC(=O)N1)[O])O)O","Amino acids and Peptides","Aminoacids","Small peptides",NA,NA,NA,NA,NA,NA,NA,NA,NA,NA,NA,NA,NA,NA,NA,NA,NA,NA,NA,NA,NA,NA,NA,NA,NA,NA,NA,2.62258341929005,0.0479041916167665,2.0716769761626,0.0778443113772455,2.08589742143606,0.0758483033932136,2.73082729289951,0.0239520958083832,4.23787053900549,0.00598802395209581,0.188956854256854,0.7624750499002
799,"799_527.16_6.9","NA_[799_527.16_6.9]",527.158913925262,6.8899283,0.0440529082762112,0.00476661858239535,0.00917389516099443,0.593595619512473,0.806280272639487,0.980581435408955,1.35602541513803,2.32178959826978,2.03744622728031,0.226509312628929,0.0935139660081919,0.00851633317404372,0.963853304594048,1.09746959637769,1.63879297093914,1.13862720721793,1.70025144192389,1.49324680733583,-0.0531145053191476,0.134180972778674,0.712633609980525,0.187295478097822,0.765748115299672,0.578452637201851,"6-(hydroxymethyl)-3-{[3,4,5-trihydroxy-6-({[3,4,5-trihydroxy-6-(hydroxymethyl)oxan-2-yl]oxy}methyl)oxan-2-yl]oxy}oxane-2,4,5-triol",NA,NA,0.369,0.369,-25.28,42.815,1,"InChI=1S/C18H32O16/c19-1-4-8(22)12(26)15(16(29)31-4)34-18-14(28)11(25)9(23)6(33-18)3-30-17-13(27)10(24)7(21)5(2-20)32-17/h4-29H,1-3H2","XSGDQAKVXQNLMJ","C18H32O16","[M + Na]+","C(C1C(C(C(C(O1)O)OC2C(C(C(C(O2)COC3C(C(C(C(O3)CO)O)O)O)O)O)O)O)O)O","Carbohydrates","Disaccharides","Saccharides","504.1690349439998|504.1690349439998|504.169034944","InChI=1S/C18H32O16/c19-1-4-7(22)8(23)12(27)17(31-4)34-15-6(3-21)32-18(13(28)10(15)25)33-14-5(2-20)30-16(29)11(26)9(14)24/h4-29H,1-3H2/t4-,5-,6-,7-,8+,9-,10-,11-,12-,13-,14-,15-,16+,17-,18-/m1/s1|InChI=1S/C18H32O16/c19-1-5-8(23)11(26)13(28)16(30-5)32-15-10(25)7(3-21)33-18(15,4-22)34-17-14(29)12(27)9(24)6(2-20)31-17/h5-17,19-29H,1-4H2/t5-,6-,7-,8-,9-,10-,11+,12+,13-,14-,15+,16-,17-,18+/m1/s1|InChI=1S/C18H32O16/c19-1-5(22)9(24)16(6(23)2-20)34-18-15(30)13(28)11(26)8(33-18)4-31-17-14(29)12(27)10(25)7(3-21)32-17/h1,5-18,20-30H,2-4H2/t5-,6+,7+,8+,9+,10+,11+,12-,13-,14+,15+,16+,17-,18+/m0/s1","FYGDTMLNYKFZSV-PXXRMHSHSA-N|QWIZNVHXZXRPDR-WSCXOGSTSA-N|ZCLAHGAZPPEVDX-MQHGYYCBSA-N","FYGDTMLNYKFZSV|QWIZNVHXZXRPDR|ZCLAHGAZPPEVDX","OC[C@H]1O[C@H](O[C@H]2[C@H](O)[C@@H](O)[C@@H](O[C@H]3[C@H](O)[C@@H](O)[C@@H](O)O[C@@H]3CO)O[C@@H]2CO)[C@H](O)[C@@H](O)[C@@H]1O|OC[C@H]1O[C@@](CO)(O[C@H]2O[C@H](CO)[C@@H](O)[C@H](O)[C@H]2O)[C@@H](O[C@H]2O[C@H](CO)[C@@H](O)[C@H](O)[C@H]2O)[C@@H]1O|O=C[C@H](O)[C@@H](O)[C@H](O[C@H]1O[C@H](CO[C@H]2O[C@H](CO)[C@@H](O)[C@H](O)[C@H]2O)[C@@H](O)[C@H](O)[C@H]1O)[C@H](O)CO","C18H32O16|C18H32O16|C18H32O16","alpha-Maltotriose|Melezitose|Panose","http://www.wikidata.org/entity/Q249208|http://www.wikidata.org/entity/Q418842|http://www.wikidata.org/entity/Q3362418","Carbohydrates|Carbohydrates|Carbohydrates","Saccharides|Saccharides|Saccharides","Carbohydrates","Nucleosides","Purine nucleos(t)ides","Drosophila melanogaster|Drosophila melanogaster|Drosophila melanogaster","['Eukaryota']|['Eukaryota']|['Eukaryota']","['Metazoa']|['Metazoa']|['Metazoa']","['Arthropoda']|['Arthropoda']|['Arthropoda']","['Insecta']|['Insecta']|['Insecta']","['Diptera']|['Diptera']|['Diptera']","['Drosophilidae']|['Drosophilidae']|['Drosophilidae']","['Drosophilini']|['Drosophilini']|['Drosophilini']","['Drosophila']|['Drosophila']|['Drosophila']","['Drosophila melanogaster']|['Drosophila melanogaster']|['Drosophila melanogaster']","nan|nan|nan","505714.0|505714.0|505714.0","http://www.wikidata.org/entity/Q130888|http://www.wikidata.org/entity/Q130888|http://www.wikidata.org/entity/Q130888",NA,2.85994165778527,0.0419161676646707,-1.9042342233658,0.932135728542914,0.662556837391603,0.293413173652695,-1.44701006682499,0.786427145708583,1.08453954230479,0.221556886227545,0.132582467532468,0.958083832335329
826,"826_730.24_7.3","NA_[826_730.24_7.3]",730.238391679707,7.2673464,0.00445587831494421,0.568458074338979,0.719851482827937,0.000513898840110993,0.0281142237553559,0.134589773129012,2.35106667776921,0.245301560447958,0.142757096404233,3.2891223625327,1.55107390302847,0.870987938940991,0.836643581981853,1.37152938675504,0.920056425812307,1.63932338249239,1.09969937692328,0.670825164008413,-0.257314942863549,0.45578553408671,-0.120205752474988,0.713100476950259,0.13710919038856,-0.575991286561699,"1-acetyloxyethyl (3S)-3-[4-[(2S)-3-[7-[N-(1-acetyloxyethoxycarbonyl)carbamimidoyl]naphthalen-2-yl]-1-ethoxy-1-oxopropan-2-yl]phenoxy]pyrrolidine-1-carboxylate",NA,NA,0.009,0.009,-434.295,14.257,0.942,"InChI=1S/C36H41N3O11/c1-6-45-34(42)32(27-11-13-30(14-12-27)50-31-15-16-39(20-31)36(44)49-24(5)47-22(3)41)18-25-7-8-26-9-10-28(19-29(26)17-25)33(37)38-35(43)48-23(4)46-21(2)40/h7-14,17,19,23-24,31-32H,6,15-16,18,20H2,1-5H3,(H2,37,38,43)","RHVZFADTJFECSD","C36H41N3O11","[M + K]+","CCOC(=O)C(CC1=CC2=C(C=C1)C=CC(=C2)C(=N)NC(=O)OC(C)OC(=O)C)C3=CC=C(C=C3)OC4CCN(C4)C(=O)OC(C)OC(=O)C","Amino acids and Peptides","Cyclic peptides","Macrolides",NA,NA,NA,NA,NA,NA,NA,NA,NA,NA,NA,NA,NA,NA,NA,NA,NA,NA,NA,NA,NA,NA,NA,NA,NA,NA,NA,0.817041456918251,0.229540918163673,2.66446832984185,0.0439121756487026,2.49914594565722,0.063872255489022,-2.30632802007221,0.976047904191617,1.91679467079696,0.115768463073852,0.170571428571429,0.896207584830339
837,"837_158.09_7.7","NA_[837_158.09_7.7]",158.09286975465,7.6808767,0.0160169328090444,0.776486640734179,0.563865587922728,0.0838639644492687,0.154273249822719,0.981486191876952,1.79542064628186,0.109866011803211,0.248824409102546,1.07642461131302,0.811709371808062,0.00811580593033096,0.963247502982812,1.30662379557036,0.880350287432086,1.35647773965075,0.913939859388138,0.673759570594536,-0.0540215538820945,0.385843818721853,-0.183850415014712,0.439865372603948,-0.129828861132618,-0.569694233736566,"nor-N-hydroxy-L-arginine (nor-NOHA)",NA,NA,0.225,0.225,-115.855,57.716,1,"InChI=1S/C6H13N3O3/c7-4(6(10)11)2-1-3-5(8)9-12/h4,12H,1-3,7H2,(H2,8,9)(H,10,11)","PBCFGJXLQHHNBL","C6H13N3O3","[M - H2O + H]+","C(CC(C(=O)O)N)CC(=NO)N","Amino acids and Peptides","Aminoacids","Small peptides","nan","nan","nan","ZXPRYJHVDMWTMA",NA,"nan","nan","nan","nan","nan","nan","nan","nan","nan","['Unknown']","['Unknown']","['Unknown']","['Unknown']","['Unknown']","['Unknown']","['Unknown']","['Unknown']","['Unknown']","nan","nan","nan",0,2.60994915428604,0.0239520958083832,2.49914594565722,0.0279441117764471,0.600216116710028,0.261477045908184,0.969405711335146,0.235528942115768,2.69374462233872,0.0379241516966068,0.2286670995671,0.397205588822355
838,"838_116.07_7.7","NA_[838_116.07_7.7]",116.070948623387,7.680887,0.0110508440836448,0.60573935510867,0.510146369241516,0.0972407849260771,0.127740021193729,0.998270302025249,1.95660454850658,0.217714209147841,0.292305199914244,1.01215154419637,0.893673016122933,0.00075184870900238,0.98350292338921,1.32133153910594,0.874540468578877,1.34349528372783,0.889209831288715,0.661863009166213,-0.0239987540735944,0.401992502778477,-0.193402949771643,0.425991256852071,-0.169404195698049,-0.59539545255012,"2-amino-3-hydroxypentanoic acid",NA,NA,0.746,0.684,-66.127,18.34,1,"InChI=1S/C5H11NO3/c1-2-3(7)4(6)5(8)9/h3-4,7H,2,6H2,1H3,(H,8,9)","LGVJIYCMHMKTPB","C5H11NO3","[M - H2O + H]+","CCC(C(C(=O)O)N)O","Amino acids and Peptides","Aminoacids","Small peptides",NA,NA,NA,NA,NA,NA,NA,NA,NA,NA,NA,NA,NA,NA,NA,NA,NA,NA,NA,NA,NA,NA,NA,NA,NA,NA,NA,1.34406227991274,0.143712574850299,3.15549188365253,0.0159680638722555,-1.08513772908507,0.750499001996008,2.08589742143606,0.06187624750499,2.91894327972796,0.0259481037924152,0.175922222222222,0.672654690618762
839,"839_175.12_7.7","NA_[839_175.12_7.7]",175.119482287145,7.6820617,0.00944875224522324,0.68233373711504,0.561921066832731,0.0669695014426303,0.0949418786243165,0.996681758280306,2.02462553845291,0.1660031550565,0.25032468558138,1.17412293417597,1.02254217910489,0.00144349032007715,0.980276318091798,1.33647766401011,0.885474482027082,1.3633683068175,0.903290700473865,0.662543419820582,-0.0287396246888995,0.418435726626171,-0.175477363498482,0.44717535131507,-0.146737738809583,-0.593913090124653,"Harg",NA,NA,0.948,0.926,-21.964,75.313,0.093,"InChI=1S/C6H14N4O2/c7-4(5(11)12)2-1-3-10-6(8)9/h4H,1-3,7H2,(H,11,12)(H4,8,9,10)","ODKSFYDXXFIFQN","C6H14N4O2","[M + H]+","C(CC(C(=O)O)N)CN=C(N)N","Amino acids and Peptides","Aminoacids","Small peptides","174.111675688","InChI=1S/C6H14N4O2/c7-4(5(11)12)2-1-3-10-6(8)9/h4H,1-3,7H2,(H,11,12)(H4,8,9,10)","ODKSFYDXXFIFQN-UHFFFAOYSA-N","ODKSFYDXXFIFQN","NC(N)=NCCCC(N)C(=O)O","C6H14N4O2","2-Azaniumyl-5-(diaminomethylideneamino)pentanoate","http://www.wikidata.org/entity/Q27104032","Amino acids and Peptides","Small peptides","Amino acids and Peptides","Small peptides","Aminoacids","Drosophila melanogaster","['Eukaryota']","['Metazoa']","['Arthropoda']","['Insecta']","['Diptera']","['Drosophilidae']","['Drosophilini']","['Drosophila']","['Drosophila melanogaster']","nan","505714.0","http://www.wikidata.org/entity/Q130888",9,0,0.469061876247505,2.82364427714309,0.0279441117764471,-0.632708666137081,0.558882235528942,1.9042342233658,0.06187624750499,2.24921564931154,0.0558882235528942,0.154902886002886,0.786427145708583
841,"841_399.24_7.7","NA_[841_399.24_7.7]",399.239221005515,7.6919994,0.0116640317448119,0.780664170255045,0.0962288359715031,0.0608403610518502,0.627461600319916,0.396286239252418,1.93315130704926,0.107535752770071,1.01669476760098,1.21580821732843,0.202412847184698,0.40199100795978,0.844654859951471,1.15872922230051,0.774957182873546,1.37183751285949,0.917483838213007,0.668799205162851,-0.243566142314071,0.212543469463297,-0.36781149258107,0.456109611777368,-0.124245350266999,-0.580354962044366,"N,N-bis[2-(2-acetamidophenyl)ethyl]acetamide",NA,NA,0.009,0.009,-423.181,51.79,0.754,"InChI=1S/C22H27N3O3/c1-16(26)23-21-10-6-4-8-19(21)12-14-25(18(3)28)15-13-20-9-5-7-11-22(20)24-17(2)27/h4-11H,12-15H2,1-3H3,(H,23,26)(H,24,27)","DHXAJYWGVVHBBS","C22H27N3O3","[M + H3N + H]+","CC(=O)NC1=CC=CC=C1CCN(CCC2=CC=CC=C2NC(=O)C)C(=O)C","Amino acids and Peptides","Dipeptides","Small peptides",NA,NA,NA,NA,NA,NA,NA,NA,NA,NA,NA,NA,NA,NA,NA,NA,NA,NA,NA,NA,NA,NA,NA,NA,NA,NA,NA,2.07360061577653,0.0538922155688623,3.55481113779899,0.0119760479041916,-0.117042750532462,0.435129740518962,-1.6636153460499,0.870259481037924,2.11435933114773,0.063872255489022,0.24184696969697,0.395209580838323
