cluster index	parent mass	RTMean	ATTRIBUTE_sample_group:GNPSGROUP:WT	ATTRIBUTE_sample_group:GNPSGROUP:sDelta	ATTRIBUTE_sample_group:GNPSGROUP:pDelta	ATTRIBUTE_sample_group:GNPSGROUP:psDelta	ATTRIBUTE_sample_group:GNPSGROUP:blank	ATTRIBUTE_sample_group:GNPSGROUP:qc	component	#Scan#	Compound_Name
1	218.98365075084195	0.411397	139810.325	12935.289	46478.85125	0.0	101797.484	305972.3014285714	-1		
2	216.9507190178962	0.41185388	122842.305	0.0	60980.41875	0.0	1308096.0	204550.7228571429	15	2.0	QUINATE
3	265.01563896759586	0.4134636	278352.53750000003	19806.54875	128438.0275	122619.768	239741.75	591619.2742857143	15		
4	241.9995919981127	0.4136186	880703.965	183332.3915	414180.44	401147.62666666665	644140.2	1702497.6	15		
5	200.973157649136	0.4141958	139864.04	0.0	56596.2325	68064.92933333333	110318.65	308957.8085714285	15		
6	239.9666781944844	0.41588113	128006.52125	30418.12	64913.15	20238.54333333333	1875722.8	254307.62142857144	15		
7	198.94021633797504	0.4187065	107942.225	25643.6825	57610.7125	20716.729333333333	1251494.8	235025.70571428572	15		
8	223.9889654070403	0.4232889	448431.66	74277.436	204747.105	190085.06333333332	359996.97	1092643.28	15		
9	151.0352914627232	0.4247144	1082381.15	414145.525	699159.45	643947.2866666666	1426817.8	2084148.0285714285	15		
10	125.98647213258629	0.42576903	133888.17125	117940.71	128314.3335	76682.43533333333	3193076.5	238376.48	15		
11	301.0731611274596	0.42861518	265492.13	46510.205	160146.5575	131271.93333333332	0.0	406150.73	1		
12	283.06246699115854	0.42882633	0.0	0.0	44908.835	0.0	0.0	166106.6	1		
13	151.94976366331156	0.42971095	203297.3575	94322.0665	237385.545	110724.512	93712.24	384568.2400000001	15		
14	149.95286117830986	0.43005347	350390.5775	164402.7675	399900.09	199929.78666666665	171288.7	660804.7614285714	18		
15	215.0877412403581	0.43442538	2230049.5	862305.9625000001	1519281.7375	1783015.933333333	0.0	3302862.457142857	1		
16	255.94411349746136	0.43484733	0.0	0.0	0.0	0.0	1122344.9	0.0	15		
17	328.89781556341364	0.43484733	0.0	0.0	0.0	0.0	605100.6	0.0	15		
18	344.87541339420534	0.43484733	0.0	0.0	0.0	0.0	769808.9	0.0	15		
19	458.8558131891104	0.43484733	0.0	0.0	0.0	0.0	343194.6	0.0	15		
20	231.0652172793976	0.43502492	247432.3425	208773.0625	287148.2125	236595.04666666663	0.0	453991.6385714286	-1		
21	214.91766848145608	0.435732	0.0	16435.89	21458.51	0.0	3689008.2	0.0	15	21.0	CITRATE
22	315.1876795122976	0.43948635	551913.65	129121.3925	283244.89	425177.76	0.0	1292097.357142857	1		
23	131.08392354935486	0.4419091	22351.485	0.0	22839.1975	0.0	0.0	78986.94999999998	14		
24	147.12248405734303	0.44207144	270252.5575	0.0	155624.29125	145550.42666666667	0.0	372215.7514285714	6		
25	133.0972959043498	0.4462771	545820.4	144256.29499999998	354282.115	363828.01	0.0	901395.5657142858	16	25.0	thiamine CollisionEnergy:102040
26	130.08646019119018	0.44680312	26315057.5	7246877.0	15220911.125	16718841.0	0.0	42671926.85714286	6	26.0	PIPECOLIC ACID
27	143.9968877346864	0.44687852	0.0	0.0	0.0	0.0	264718.94	0.0	-1		
28	167.01283933222643	0.44687852	0.0	0.0	0.0	0.0	607923.56	0.0	15		
29	232.9281848043161	0.44687852	0.0	0.0	0.0	0.0	974883.2	0.0	15		
30	129.10250443053565	0.4473155	1437716.3	399544.105	834069.53	931470.7	0.0	2378732.0857142857	6		
31	147.11290414731602	0.448894	46096315.5	12690919.0	26800732.75	28792109.33333333	55098.21	76660480.57142857	6	31.0	Massbank:PB000428 Lysine|2,6-diaminohexanoic acid
32	147.10318480164477	0.4506415	221272.9925	57794.66	156321.0275	35922.04666666667	0.0	306613.1557142857	6	32.0	L-(+)-Lysine - 40.0 eV
33	148.1099063964868	0.45132676	331117.37249999994	40487.8825	197468.69125	200967.4233333333	0.0	560495.7414285714	6	33.0	Glutamic acid
34	156.07682707673072	0.45501524	826524.675	248172.035	465439.7375	317824.5833333333	0.0	1708458.4	6		
35	169.0948098433147	0.45533895	2590408.975	831411.33	1606530.765	1481142.4333333336	0.0	2824604.185714286	2	35.0	Pyridoxine - 30.0 eV
36	148.11601301766754	0.45616096	0.0	855655.7025	980954.625	436456.3333333333	0.0	0.0	6	36.0	Glutamic acid
37	266.92733238567945	0.4644327	0.0	0.0	0.0	0.0	371538.25	0.0	-1		
38	282.9049692010612	0.4644327	0.0	0.0	0.0	0.0	698379.7	0.0	15		
39	156.04216343683598	0.46650687	48471.55	436596.58	274897.8475	237074.80666666664	410418.53	39030.01171428571	6		
40	197.10097410644207	0.47442687	814709.3625	342433.805	467772.35	500345.43	0.0	885256.3842857144	26	40.0	L-arginine CollisionEnergy:102040
41	152.94707319559706	0.47676572	0.0	0.0	0.0	0.0	368657.44	0.0	15		
42	185.0687043132568	0.4799024	3868141.325	1642855.5	2623158.825	2811435.6666666665	0.0	6043413.785714285	-1		
43	207.05065005725305	0.48142168	3628011.375	1329649.25	2367992.725	2080798.566666667	0.0	4261690.714285715	2		
44	358.999235760419	0.4821121	717647.235	152201.4725	459017.9875	319313.44	0.0	631143.17	2		
45	475.07337141552216	0.48239952	503946.9875	79176.43	315010.85375	305041.25333333336	0.0	711477.9414285714	2		
46	407.0860465537119	0.48481646	539502.29	217156.75	340956.46	441962.18	0.0	930925.4857142858	2		
47	374.97327075297767	0.48720485	1952191.675	662072.5	1338453.975	1352568.4666666666	0.0	2045414.9	2		
48	223.02452840258863	0.48819247	11407783.375	4759069.25	7744109.25	9476625.166666666	0.0	15525592.285714284	2		
49	291.0118667972465	0.48822495	1286645.64	454581.9	849769.2250000001	804560.6	0.0	1404439.2285714287	2		
50	390.9471867531043	0.4886804	1961343.3	834859.625	1489218.025	2156471.4333333336	0.0	2457645.4857142856	2		
51	190.9118365016564	0.4897066	677920.9349999999	273177.3425	496884.25	559106.4766666667	0.0	528323.2942857143	-1		
52	274.8731890783275	0.4901592	2454829.8	952730.0625	1838822.8	2111927.6666666665	0.0	1848739.5	2		
53	276.87126409159083	0.4901592	512724.5175	203480.1825	406714.595	439555.6866666667	0.0	387835.3657142858	2		
54	292.84514648118835	0.4901592	1025745.385	518039.515	838899.6925	1378348.3333333333	0.0	852290.0042857144	2		
55	306.9858388065468	0.4901592	1843777.65	816212.7225	1340866.66	1794915.1666666667	0.0	2433168.0285714283	2		
56	392.94548011304033	0.4901592	583293.3150000001	239293.84750000003	424697.6435	633437.18	0.0	701157.7899999999	2		
57	208.883925866701	0.49018735	480315.9325	235008.865	387331.93	607395.7466666667	0.0	421897.34	2		
58	458.7698064463759	0.49040663	180037.135	108096.03999999998	201900.41	441319.95	0.0	161201.78714285715	2		
59	122.92469293245286	0.49065888	1613998.95	710266.3150000001	1185644.52	1687033.5	0.0	1406972.4714285715	15		
60	290.8471484260281	0.49115735	3593342.875	1813988.15	2910905.05	4773923.833333333	0.0	2965166.485714286	2		
61	206.8858872663033	0.49167556	2277493.05	1090185.225	1825949.3375	2918155.1	0.0	1951571.4714285715	2		
62	235.05675132060296	0.4917349	1431406.625	577265.7025	848468.87	826472.4533333333	0.0	1499777.6142857142	2		
63	334.99203571308794	0.49264824	610940.7050000001	284589.7575	365678.2475	614696.88	0.0	682617.6285714285	2		
64	220.9345176354899	0.49489298	0.0	0.0	0.0	0.0	864866.3	0.0	-1		
65	226.9514878916903	0.49489298	0.0	0.0	0.0	0.0	305199.16	0.0	-1		
66	288.9214506296796	0.49489298	0.0	0.0	0.0	0.0	590378.56	0.0	-1		
67	251.0306679220573	0.49561727	4305423.25	1916359.55	2631924.0	3798541.5	0.0	5251239.571428572	2		
68	213.0748285401607	0.49711654	9316040.75	4011028.45	5464167.425	6578253.333333333	0.0	12848873.57142857	15		
69	196.0483175431416	0.4976328	564992.855	246844.51	344881.7025	409545.96	0.0	773763.4342857143	18		
70	197.03236239360305	0.50074196	5116068.0	2256292.375	2590239.89	6048109.833333333	0.0	7449556.357142857	26	70.0	L_tyrosine_methyl_ester
71	334.9147967064004	0.5039697	0.0	0.0	0.0	0.0	230658.11	0.0	67		
72	350.89221540281045	0.5039697	0.0	0.0	0.0	0.0	360828.9	0.0	67		
73	195.9773544642128	0.52641565	5805712.875	2027385.35	4005149.59	5404529.833333333	0.0	6335294.071428572	18		
74	180.00328940494282	0.5298126	1794533.6999999995	625385.115	1165104.6549999998	1131810.7666666666	0.0	1630644.3857142858	18		
75	176.12227130613002	0.53004825	0.0	316516.025	262537.7	0.0	0.0	1856278.2142857143	8	75.0	ARGININE
76	222.98823545579444	0.5307552	1453536.0750000002	557758.8375	823444.7775000001	1643071.433333333	0.0	1728147.5285714285	-1	76.0	cystathionine - 30.0 eV
77	141.06594413897955	0.53111553	2676625.325	1506550.0	1360808.425	3050048.0666666664	0.0	4274259.614285714	4		
78	159.0764725063332	0.5322659	3555813.0	1955968.025	1813293.875	4070979.6	0.0	5809895.428571428	4		
79	223.9722185199819	0.53832173	1479630.225	572052.99	995599.3525	1611176.1	0.0	1729341.0428571429	-1		
80	175.11905821050277	0.5431653	66180523.0	17062165.0	30882169.5	44931371.333333336	0.0	97269613.42857143	8	80.0	Spectral Match to L-Arginine from NIST14
81	131.11805380354565	0.5438816	415562.46	417265.1	236841.28500000003	633535.5466666667	0.0	814330.4942857142	14		
82	131.0841696854173	0.544811	14610.415	0.0	0.0	0.0	0.0	21963.91285714286	14		
83	147.10304793062016	0.5448128	0.0	0.0	60908.3575	36949.793333333335	0.0	39896.93285714286	6		
84	255.09752704245432	0.54697776	864060.125	406680.18	644733.8175	708186.4700000001	0.0	832078.1214285714	2		
85	148.10968708586773	0.548623	73080.79	0.0	0.0	0.0	0.0	0.0	6	85.0	Glutamic acid
86	296.06596070785366	0.5503024	857003.5225	296263.2775	722147.2549999999	392126.9133333334	0.0	860973.42	17		
87	147.12224620522636	0.5505595	0.0	0.0	0.0	40461.56333333333	0.0	26727.924285714285	6	87.0	L-(+)-Lysine - 40.0 eV
88	185.03235383393144	0.55073	5862920.25	1350915.0	2959183.8325	5474353.766666667	0.0	7477743.0	-1	88.0	Spectral Match to Phosphocholine from NIST14
89	140.0682456263584	0.5513737	0.0	0.0	0.0	0.0	660452.9	0.0	33		
90	156.07682780759845	0.55431694	1432793.125	248306.995	775184.07	762894.15	0.0	1843936.4571428571	6	90.0	Spectral Match to L-Histidine from METLIN
91	169.0584679253135	0.5581121	1343016.3	465072.1275	731981.71	915357.4333333332	0.0	1360682.5571428572	2	91.0	PYRIDOXAL - 30.0 eV
92	186.0163724828204	0.56053305	1140443.7875	397699.2675	743129.345	1093869.5166666666	0.0	1324567.6	-1		
93	170.0424856310829	0.56643265	787857.1775	382476.515	547675.415	554174.7733333333	0.0	747786.3342857143	-1		
94	148.07949256320802	0.56655645	0.0	0.0	0.0	414464.13666666666	0.0	0.0	6	94.0	Glutamic acid
95	276.998631478388	0.5672853	1124117.935	337512.94	658521.6175	1132360.5133333334	0.0	1752753.4428571428	59	95.0	ReSpect:PT105020 L-saccharopine|epsilon-N-(L-glutar-2-yl)-L-lysine|N6-(L-1,3-dicarboxylpropyl)-L-lysine|(2S)-2-[[(5S)-5-amino-6-hydroxy-6-oxohexyl]amino]pentanedioic acid
96	188.07407387811057	0.5674206	397432.955	217497.1925	291459.5875	398200.78	0.0	491496.53571428574	2		
97	120.06583817887469	0.567822	3236972.95	788222.6849999999	1766523.75	2565714.2333333334	0.0	4269817.171428571	7	97.0	THREONINE
98	265.02312664673263	0.5691755	0.0	0.0	0.0	0.0	1184275.6	0.0	28		
99	147.07668486076602	0.5692322	11256805.625	3848667.675	5843978.85	11021649.0	0.0	15523183.714285716	6	99.0	Glutamate - 70.00 eV
100	130.05017311370992	0.5707168	16300065.5	5936802.125	9371246.925	15732776.0	0.0	21370814.85714286	6		
101	277.13945870741986	0.5707753	1041096.9875	254213.78000000003	574977.48	590823.8433333333	0.0	1708486.7857142857	59	101.0	ReSpect:PT105020 L-saccharopine|epsilon-N-(L-glutar-2-yl)-L-lysine|N6-(L-1,3-dicarboxylpropyl)-L-lysine|(2S)-2-[[(5S)-5-amino-6-hydroxy-6-oxohexyl]amino]pentanedioic acid
102	292.1979269755847	0.5710357	88107.31875	216516.2125	197556.925	138519.31000000003	0.0	78510.78357142858	-1		
103	148.0729105512663	0.57277817	241868.13	90025.63625	147321.142	229119.48	0.0	334637.0428571429	6	103.0	Glutamic acid
104	148.0604932570877	0.5750869	28144033.0	10728486.75	17863930.5	26262879.33333333	0.0	36188458.0	6	104.0	Glutamic acid
105	149.06379944648654	0.5750997	293237.75	316606.385	264207.05	0.0	0.0	2066296.7285714287	14		
106	249.04605745303	0.57542527	0.0	0.0	13836.74425	0.0	398972.8	0.0	28		
107	399.1447368916848	0.57580495	1524244.1375000002	378967.7275	858182.3325	595223.9333333332	0.0	1931383.4857142852	20	107.0	S-ADENOSYLMETHIONINE
108	219.02661407900865	0.57734925	1806740.875	483317.4825	1826290.55	1636982.8333333333	337681.75	1802579.4714285715	32		
109	184.07339934265025	0.5782038	16397.6575	18587.515	1041110.675	1590963.6	0.0	1235329.9142857145	12	109.0	PHOSPHOCHOLINE
110	309.13795403108	0.57984585	1643972.15	1116147.91	1252529.225	1694335.2	0.0	1955207.2857142852	7		
111	258.11023739388	0.58061004	1734132.35	524461.1749999999	1065603.5	623624.6	0.0	1898382.1857142856	17	111.0	SN-GLYCERO-3-PHOSPHOCHOLINE
112	239.04283578075447	0.58153385	4258896.475	1770850.925	2709678.975	4021416.4333333336	0.0	6479328.714285715	4		
113	381.0793466599176	0.58925194	913219.43	221236.5125	460867.3675	698249.0633333334	0.0	1369132.0285714285	2		
114	217.12960475758427	0.59223574	790491.6150000001	194187.7575	470559.4425	415363.9866666666	0.0	1018467.3357142856	-1	114.0	Spectral Match to N-.alpha.-Acetyl-L-arginine from NIST14
115	203.05266408624465	0.59369534	1008868.8	430624.3725	1170001.9	718597.2200000001	5700782.0	823789.2257142857	2	115.0	Aspartic_Acid_C4:0
116	365.1057089872397	0.5976796	214026.165	112336.725	177473.405	175143.58	404924.5	273553.16	-1	116.0	NCGC00381184-01_C15H20O9_
117	133.05976430359888	0.6025892	4650483.075	1336717.875	3607638.4	4000294.0666666655	0.0	7293165.428571428	16		
118	144.04786881279412	0.60335463	1200298.4125	571410.1	640074.56	832001.1866666666	0.0	1309235.4	2	118.0	Spectral Match to 5-(2-Hydroxyethyl)-4-methylthiazole from NIST14
119	335.0637335143854	0.60501087	1003427.715	245355.95	565187.825	736165.6166666666	0.0	1278974.3142857144	2	119.0	NICOTINAMIDE MONONUCLEOTIDE
120	122.07140804544508	0.60587186	1272628.8	914162.8375	971441.325	1306286.6666666667	0.0	1460782.0	15		
121	173.09223414030987	0.60597533	719411.0625	137404.5725	275647.3265	530956.66	0.0	990838.5614285714	6		
122	180.0866952659367	0.6089297	191220.225	138045.65500000003	290706.315	197024.42	384084.34	209552.83	19	122.0	MANNOSE
123	198.0972397006992	0.6121948	497997.87750000006	330919.16750000004	688246.2525	511556.1066666666	1089550.5	484004.1042857143	-1	123.0	Spectral Match to D-Fructose from NIST14
124	265.1118371288871	0.616779	30615875.5	13377015.75	18006341.5	23747920.666666668	0.0	31793288.285714287	27	124.0	Spectral Match to Thiamine cation from NIST14
125	146.16531656168894	0.61913854	330109.515	166821.84	227337.425	81582.17666666667	0.0	381240.9	32		
126	133.56158200492206	0.619548	157503.825	49425.27	284330.73	215490.25	0.0	259285.52857142856	16	126.0	thiamine CollisionEnergy:102040
127	360.1501533435028	0.6266896	84147.68474999999	154455.8815	121712.02125	128686.17833333332	256231.33	106849.27142857142	19	127.0	Spectral Match to Palatinose from NIST14
128	227.0793404891072	0.63621825	1087793.2	644288.095	882262.9425	1679552.6333333335	0.0	671000.7271428573	-1		
129	211.1054684715284	0.6402612	193130.635	172634.1225	196990.3575	269426.5633333333	0.0	82844.45571428571	-1		
130	170.0812435930181	0.64966714	413404.995	135214.6575	358460.345	282264.5966666667	69332.11	554435.7671428572	-1		
131	162.07613306805095	0.6511234	7254940.125	1487233.1	3766598.715	5647192.899999999	0.0	9419630.785714284	7	131.0	Massbank:PR100306 O-Acetyl-L-homoserine|Ac-HSer|(2S)-4-(acetyloxy)-2-aminobutanoic acid
132	249.108220849736	0.6528377	633502.9675	104036.061	217727.345	448990.8033333333	0.0	1207641.1	7	132.0	ReSpect:PM017302 gamma-L-Glutamyl-L-valine
133	193.0681512957	0.66081923	725434.855	77791.53149999998	335587.0375	385651.46	0.0	893618.3657142858	-1	133.0	Spectral Match to S-(5'-Adenosyl)-L-homocysteine from NIST14
134	664.1168967851177	0.6612634	861798.96	124379.94875	383242.685	524069.0566666666	0.0	1561469.8142857142	2	134.0	NAD
135	189.123440035802	0.661932	18349480.25	2774132.95	7950534.25	13498101.0	0.0	25874668.285714287	-1	135.0	AC-LYS-OH - 30.0 eV
136	256.0816128559832	0.6636678	1299152.175	206717.295	691854.43625	721382.0533333333	0.0	1593743.3714285714	2		
137	385.1288767677508	0.66370046	1887015.925	177311.3125	865592.315	985709.2066666668	0.0	2237891.5285714287	49	137.0	S-(5'-ADENOSYL)-L-HOMOCYSTEINE
138	386.0262922415834	0.66483057	595538.99	68754.228	316970.86	447728.97666666674	0.0	589954.2714285714	49	138.0	S-(5'-ADENOSYL)-L-HOMOCYSTEINE
139	269.16090822047533	0.6675923	444653.195	74158.98250000001	214662.4985	251501.14	0.0	522894.4714285714	6	139.0	Spectral Match to His-Ile from NIST14
140	348.0704411335644	0.67147744	10956463.375	1685052.225	6100699.425	6995715.5	0.0	15420150.714285716	2	140.0	adenosine 5'-monophosphate
141	208.06384177040468	0.6730146	705729.7625	37314.542	477505.76	284118.1066666667	0.0	770885.4642857142	-1		
142	332.56193520695524	0.6742624	1189185.49	503296.0425	754470.3099999999	867210.5866666666	0.0	2160750.242857143	-1	142.0	Spectral Match to .beta.-Nicotinamide adenine dinucleotide from NIST14
143	133.05981339469994	0.6844863	0.0	328624.475	0.0	0.0	0.0	0.0	16	143.0	thiamine CollisionEnergy:102040
144	122.07140350222603	0.6844888	0.0	0.0	169113.4375	0.0	0.0	0.0	15		
145	265.11201917964604	0.6844888	0.0	0.0	3480841.75	0.0	0.0	0.0	27	145.0	Spectral Match to Thiamine cation from NIST14
146	225.1233183232995	0.6910378	596864.5175000001	24487.7925	322485.64	279251.9533333333	0.0	525941.6242857144	2		
147	144.0478817697961	0.6916764	0.0	0.0	108896.175	0.0	0.0	0.0	2		
148	298.9932025490041	0.69696987	390844.49	18261.14	160844.5475	221059.2933333333	0.0	566725.8971428571	-1		
149	174.89609394028537	0.6999878	477161.67999999993	30294.30625	266174.85	383616.94333333336	0.0	472207.9542857144	8	149.0	Spectral Match to L-Arginine from NIST14
150	213.1234841618221	0.70026994	1093518.05	187200.4775	400676.17425	968149.4866666668	0.0	1567898.642857143	6		
151	123.0555989565314	0.7200533	454812.2125	0.0	320396.5525	251887.85333333336	61839.92	747496.7857142856	2		
152	133.0321293944646	0.7381499	1395174.15	182413.13375	1042533.975	1191091.1333333335	0.0	1756247.0142857146	16		
153	150.05858169349847	0.7381499	4142818.925	541693.9299999999	3060719.3	3447484.6666666665	0.0	5292336.214285715	7	153.0	L-methionine CollisionEnergy:102040
154	308.09146916854974	0.750326	36431840.0	3709314.1	17899351.25	22528067.666666668	0.0	51289745.71428572	7	154.0	GLUTATHIONE REDUCED
155	346.0474475379273	0.7525022	3261436.9000000004	161263.689	1463418.0920000002	2097518.233333333	0.0	3845468.214285714	2		
156	330.0735047119611	0.7526583	1088922.15	255639.89	637903.34	735784.7999999999	0.0	1008105.2057142856	2		
157	227.1393380189349	0.76007766	635754.385	98660.37425	505109.92	406042.5999999999	0.0	785682.5542857143	2		
158	137.04602428704231	0.7652039	7092959.5	1991845.875	4636655.525	7912869.166666667	0.0	8277867.571428572	2	158.0	Spectral Match to Hypoxanthine from NIST14
159	225.1235949116284	0.76549226	2419044.1	343156.29	1592310.24	1642888.683333333	0.0	2407731.5857142857	2		
160	148.04307063353167	0.7666405	388954.11	13794.13375	193837.0425	498244.32	0.0	401125.3057142856	57	160.0	Spectral Match to L-Glutamine from NIST14
161	175.10806001976542	0.7669347	321058.47	19836.745	114093.05	62471.85	0.0	419661.5842857143	8	161.0	ARGININE
162	307.0834200075764	0.76755375	882796.645	129188.5325	487207.0225	432584.17	0.0	1932461.057142857	-1	162.0	Glutathione
163	124.03967446311852	0.7684775	2181886.0	341670.77	1661676.375	1823341.3333333333	0.0	2630074.471428572	2	163.0	nicotinic acid CollisionEnergy:102040
164	194.08484373736724	0.76983035	3253610.95	446506.775	2408275.2575000003	2207445.2666666666	0.0	4462289.242857142	7		
165	251.0699803115276	0.7705094	776308.235	95132.27075	334184.305	688403.63	0.0	1025668.3142857144	7	165.0	Spectral Match to .gamma.-Glu-Cys from NIST14
166	364.0656900868494	0.7841255	963239.225	120809.52	604049.6925	587744.4566666667	0.0	1340807.3857142858	2	166.0	Guanosine monophosphate - 40.0 eV
167	182.08141081488995	0.7881251	2878803.725	401564.2325	983036.95	810512.4	0.0	1371895.142857143	6	167.0	Spectral Match to L-Tyrosine from NIST14
168	190.07115937782456	0.78932095	225658.115	0.0	222658.53	59862.246666666666	0.0	795035.0714285715	-1		
169	165.05476145924206	0.792112	371820.585	49829.84775	0.0	0.0	0.0	0.0	6	169.0	Spectral Match to L-Tyrosine from NIST14
170	309.1380436214402	0.7948741	0.0	0.0	0.0	0.0	0.0	435195.4514285714	7	170.0	Glutathione - 40.0 eV
171	148.09693105398148	0.8030808	0.0	100646.496	518086.6975	0.0	0.0	296033.8571428572	57	171.0	L-(+)-glutamine - 40.0 eV
172	132.10220008860935	0.8062137	3947224.5	381636.35	0.0	823889.6	0.0	5538273.285714285	6		
173	362.99942892444	0.806763	159434.925	0.0	118266.015	99855.18666666666	0.0	459912.6285714287	-1		
174	157.02460312777055	0.80830365	243286.23	159698.40499999997	160445.0875	298312.0966666667	0.0	281242.2585714286	2		
175	144.0479524323325	0.81052846	460267.385	0.0	217116.0625	0.0	0.0	820758.782857143	2		
176	159.07657694938663	0.8134718	110984.6325	0.0	151846.91499999998	0.0	0.0	0.0	4		
177	141.0660040954004	0.8148979	0.0	0.0	65404.325	0.0	0.0	0.0	4		
178	284.09914618820346	0.81502765	583933.0825	30065.38	117678.525	616967.2999999999	0.0	867923.9428571428	2	178.0	Massbank:KO008966 Guanosine
179	268.1037013542023	0.8182887	0.0	2464609.0	263831.95	0.0	0.0	0.0	2	179.0	3-DEAZAADENOSINE
180	174.8961480473945	0.81830907	89469.0625	0.0	0.0	0.0	0.0	96727.75142857144	8	180.0	Spectral Match to L-Arginine from NIST14
181	153.040837289516	0.8192693	0.0	190071.795	0.0	0.0	0.0	0.0	2	181.0	Xanthine - 30.0 eV
182	265.11206758473355	0.822463	23838895.5	0.0	6494713.5	14173321.333333334	0.0	23140207.14285714	27	182.0	Spectral Match to Thiamine cation from NIST14
183	122.0714544817029	0.8243315	609182.8	0.0	297928.475	375168.2	0.0	1133393.2857142854	15		
184	325.0433238242072	0.82752585	501354.1625	230600.0925	328427.6875	536856.48	0.0	972588.5142857142	-1	184.0	Uridine 5_-monophosphate
185	399.14502060507147	0.84740615	78038.265	0.0	177897.625	119446.71	0.0	43573.59428571428	20	185.0	S-ADENOSYLMETHIONINE
186	162.05845461198106	0.8508624	0.0	387354.55	57716.085	0.0	0.0	0.0	7		
187	355.1550955791751	0.8612253	291505.7075	0.0	84236.6925	55260.121333333336	0.0	356961.0714285714	20		
188	146.16538203365047	0.8637711	245773.3075	70169.5675	192818.1475	124102.23666666668	0.0	396855.5885714286	32	188.0	Spermidine CollisionEnergy:102040
189	162.07620859509024	0.89955974	517006.4625	36374.015	237276.15	479137.59	0.0	686728.8685714286	7		
190	174.88671121011348	0.9430357	226706.0425	0.0	105399.27375	104848.278	0.0	344588.0471428572	8	190.0	Spectral Match to L-Arginine from NIST14
191	268.1037281772902	0.9436214	1119770.775	419685.06	869101.975	1785815.6	0.0	1516465.4714285715	2	191.0	3-DEAZAADENOSINE
192	132.10216730107027	0.94369245	2029299.125	1578832.125	2427740.825	1356130.6666666667	0.0	4037474.857142857	6		
193	258.1105158141085	0.95055	186552.536	0.0	80098.652	19408.375	0.0	254860.85714285716	17	193.0	SN-GLYCERO-3-PHOSPHOCHOLINE
194	283.0363983604241	0.95138735	119544.1325	0.0	31285.6835	27647.612	0.0	262406.65142857144	-1		
195	141.0660216872369	0.996425	210436.4925	0.0	243720.295	163340.26666666666	0.0	234302.9428571429	4		
196	159.0765818947608	1.002704	269155.41000000003	35388.6125	322300.145	216319.86666666667	0.0	468843.3642857144	4		
197	162.07617858964596	1.01348	0.0	154001.0875	22403.1725	0.0	0.0	0.0	7		
198	284.09900941504293	1.0458509	172562.4375	160640.0275	88832.7435	206578.06333333327	0.0	169750.56857142856	2	198.0	XANTHOSINE
199	399.1450283814186	1.0600905	201557.4125	0.0	87395.11249999999	74718.12333333334	0.0	251391.66	20	199.0	S-ADENOSYLMETHIONINE
200	137.0459191247018	1.075961	0.0	136540.9775	21693.795	116044.11333333334	0.0	0.0	2		
201	175.11914006845052	1.1035658	0.0	0.0	0.0	3233934.1666666665	0.0	1715828.857142857	8	201.0	Spectral Match to L-Arginine from NIST14
202	176.12251437562807	1.1075898	206546.3	0.0	209734.1875	0.0	0.0	628600.8285714285	8	202.0	ARGININE
203	133.0974523749534	1.1246299	0.0	0.0	0.0	18226.72	0.0	31416.415714285715	16		
204	176.11592702295	1.1259751	64043.561	0.0	16034.6405	22614.112	0.0	130762.38357142857	8	204.0	ARGININE
205	129.10257701651972	1.1266627	51658.765	0.0	17385.815	26415.423333333336	0.0	104625.68857142856	6		
206	147.1032739846072	1.1291498	0.0	0.0	0.0	0.0	0.0	14850.496714285717	6		
207	185.0688731663584	1.1428881	280363.0025	0.0	134693.2375	134788.07666666666	0.0	435737.37142857147	-1		
208	147.12247110606512	1.1471033	0.0	0.0	0.0	0.0	0.0	7719.534285714285	6		
209	169.0949149245544	1.1479175	347879.61	0.0	189374.4575	140703.20333333334	0.0	432045.7442857143	-1	209.0	N.pi.-Methyl-L-histidine - 40.0 eV
210	130.08653841222872	1.1683711	420088.75	0.0	0.0	0.0	0.0	0.0	6		
211	197.0325215373364	1.1732556	139474.7225	0.0	91149.65	157523.06666666668	0.0	160220.27857142856	-1		
212	174.89618010914617	1.1744468	88730.77	0.0	43575.64	65999.58533333334	0.0	104444.99857142856	8	212.0	L-NIO
213	146.16533938950727	1.1896614	272127.17000000004	29977.1625	147611.48249999998	117514.88	0.0	565243.2828571429	32		
214	213.07504816135128	1.1937661	371798.25	0.0	234825.27	298251.5016666667	0.0	309328.59857142856	-1		
215	195.97746760899145	1.1953357	177813.31	0.0	89700.03099999999	124293.16333333332	0.0	168119.01857142858	-1		
216	147.07660584526323	1.2266511	221852.125	0.0	62094.575	0.0	0.0	0.0	6		
217	148.06052269093658	1.2423615	0.0	0.0	517207.625	0.0	0.0	0.0	6	217.0	L-glutamic acid
218	130.0501709559912	1.2616912	177768.95	0.0	0.0	0.0	0.0	0.0	6		
219	174.89618664562107	1.2975371	0.0	0.0	0.0	0.0	0.0	40002.397142857146	8	219.0	Spectral Match to L-Arginine from NIST14
220	162.07621133436385	1.3207283	39137.7025	0.0	0.0	0.0	0.0	35006.060000000005	7		
221	348.0705499081375	1.3237456	119231.5925	0.0	76578.495	126423.22999999998	0.0	235313.17857142855	2	221.0	INOSINE 5'-MONOPHOSPHATE - 20.0 eV
222	308.0913044076109	1.3683308	453602.885	0.0	226710.10250000004	252886.29000000004	0.0	613315.0642857143	7	222.0	GLUTATHIONE REDUCED
223	268.1037481529698	1.3733622	183766.0975	14353.74	82414.67	81746.77166666667	0.0	196103.85285714283	2		
224	189.1235246471724	1.381932	340839.0075	63216.59075	193753.8525	197951.56666666665	0.0	317404.39	7	224.0	Massbank:KO003025 Gly-Leu|Glycyl-L-leucine|Glycyl-leucine
225	189.05251175581392	1.4468753	67979.06	0.0	30357.22	52370.475	0.0	561218.5828571428	7	225.0	Massbank:KO003025 Gly-Leu|Glycyl-L-leucine|Glycyl-leucine
226	151.09662829247415	1.4543666	63195.31375	48068.629	62235.6415	85272.10533333333	115775.68	466609.0371428571	-1		
227	209.12862865873583	1.483293	568075.1	165100.2125	476190.58	340720.76666666666	0.0	645319.6842857143	2		
228	189.1235109820948	1.49394	407355.67	69385.319	98225.29	423015.6566666667	0.0	509639.3057142856	7	228.0	Massbank:KO003025 Gly-Leu|Glycyl-L-leucine|Glycyl-leucine
229	120.08111236018932	1.5049064	570949.815	197337.7575	320192.015	567005.9933333333	0.0	719398.9542857142	7		
230	166.08644054973098	1.505634	5522042.2	1664653.3250000002	2978549.21	5318216.5	0.0	7266238.5	6	230.0	PHENYLALANINE
231	229.15484257534453	1.5146881	278192.0575	43301.7255	140974.514	196073.65666666665	0.0	336210.2442857143	6		
232	228.0634228026669	1.5978888	348967.835	0.0	137686.01525	228728.548	0.0	705590.042857143	-1		
233	212.089444178056	1.6012747	157122.39	13398.06825	73247.41425	137602.42666666667	0.0	248434.9228571429	-1		
234	144.1020800722005	1.6040746	276313.77	110605.829	136847.275	288094.0833333333	0.0	366994.24714285706	2		
235	190.1075043692767	1.6041797	2044120.8	778855.7274999999	1100783.65	2151516.833333333	0.0	2760672.214285714	29	235.0	Homo-L-arginine - 40.0 eV
236	235.16539374415805	1.6042376	290135.4925	122326.736	185792.4925	375317.1066666667	0.0	297503.2014285714	29		
237	229.15483959828984	1.6674097	489349.9075	95076.36075	211411.095	484706.2166666666	0.0	552894.3357142856	6		
238	223.10781232417605	1.7038394	219096.0125	0.0	87051.5725	203380.06166666665	0.0	214262.66714285716	6		
239	384.1150670122848	1.7774711	384882.5875	99857.178	160276.9	244546.96000000005	0.0	532733.9842857143	-1	239.0	Succinoadenosine
240	229.15487274976687	1.7933244	0.0	0.0	0.0	0.0	0.0	78016.60714285714	6		
241	354.0789330860647	1.8087826	308276.7075	0.0	176565.98500000002	153278.008	0.0	249343.5171428572	-1		
242	233.0787429592542	1.8295645	150680.3025	0.0	113036.9125	117440.51	0.0	1339307.3714285714	2		
243	196.1261294862374	1.8300323	0.0	0.0	0.0	0.0	0.0	652341.0714285715	18		
244	212.14964288448047	1.8313203	0.0	0.0	34929.33	50445.37666666667	129198.94	596680.8114285715	18		
245	217.10497950845408	1.8323833	224679.6825	67502.116	214621.9175	194543.9233333333	0.0	1301599.7	2		
246	195.1228093354977	1.833548	2127494.475	866448.2375	2125290.025	2004418.7333333332	2452673.2	12773899.857142856	18	246.0	Spectral Match to Tetraethylene glycol from NIST14
247	240.18061897929937	1.833548	596137.7949999999	294682.0175	644336.385	693807.2666666667	509944.0	2630627.1571428566	18		
248	146.11767908881782	1.838279	209174.9475	56008.396250000005	113435.6735	210806.66333333333	0.0	221470.89857142855	32		
249	217.1060217215871	1.8402869	0.0	0.0	0.0	0.0	259715.47	0.0	-1		
250	258.0741254375477	1.8552842	276703.2825	0.0	208838.495	134718.6	0.0	405497.7542857143	-1		
251	242.10003051969443	1.8572327	293573.66500000004	32172.818250000004	280722.3335	185531.01	0.0	392434.16571428574	2		
252	220.11810306967	1.8589668	2867006.0	684299.08	2810868.575	2139282.533333333	0.0	3325420.2	-1	252.0	PANTOTHENIC ACID
253	155.15434454725647	1.8792962	0.0	0.0	147505.35	0.0	311631.22	0.0	2		
254	298.09684203381386	1.884042	747541.425	128916.72	538695.3275	294528.5333333334	0.0	1260995.8142857142	2	254.0	Spectral Match to Adenosine, 5'-S-methyl-5'-thio- from NIST14
255	188.0707387377604	1.8948429	1098292.45	274032.72250000003	657012.88	1071376.4466666663	0.0	1294477.1285714286	6	255.0	Spectral Match to L-Tryptophan from NIST14
256	205.0973309064422	1.8948429	1683058.4	424672.8575	1029901.1375	1642399.8999999997	0.0	2050137.157142857	6	256.0	TRYPTOPHAN
257	262.1188425484793	1.98923	163258.46500000003	0.0	78165.285	169038.35	0.0	174328.38857142857	-1	257.0	Putative Trp-C3:0 / Proprionate conjugated tryptophan
258	130.1592297419023	2.007713	174207.8025	94960.27975	123599.825	134303.305	97762.95	223863.82142857145	-1		
259	261.1311278400605	2.1020153	23594.51	0.0	33426.64	0.0	0.0	117376.72571428573	2		
260	256.1755720934761	2.105808	522059.9625	202920.0475	528141.385	395683.6433333333	519499.97	1157868.0485714283	18		
261	284.20681867476816	2.1094725	343855.4925	151228.6715	340332.72	303765.62666666665	196251.34	665268.0914285714	18	261.0	Spectral Match to Hexaethylene glycol from NIST14
262	239.1490579623933	2.1098678	1487285.35	587885.4924999999	1503391.515	1125862.6333333333	1355509.5	3209631.014285714	18		
263	261.1447469033434	2.1942844	224031.855	0.0	122002.3925	117941.62666666666	0.0	255363.72142857144	7		
264	359.10362079270783	2.3066554	145271.509	0.0	91796.26575	44291.71166666667	0.0	158055.96142857143	45		
265	283.1750892720222	2.3334868	273713.7375	129033.9975	257146.4175	168762.22999999998	136694.67	405744.8885714285	18	265.0	Spectral Match to Hexaethylene glycol from NIST14
266	300.20176808026554	2.3334868	710149.5	339259.92000000004	663185.0574999999	432500.74	385511.1	1065306.377142857	18	266.0	cyclo(tyrosyl-prolyl)
267	209.1384062716911	2.36022	74381.59375	0.0	73537.199	31932.756666666668	0.0	743126.5514285716	18		
268	226.16495289551025	2.360539	0.0	0.0	0.0	0.0	0.0	190020.79857142855	18		
269	202.1802597612692	2.4312758	14367.5605	0.0	0.0	17672.503333333334	0.0	397730.28857142857	-1		
270	344.22802322741006	2.522442	505536.94	366045.2125	421883.47	373638.19333333336	372319.9	467301.02	18		
271	270.1909937976545	2.605603	37187.8475	0.0	40449.21375	19569.91933333333	0.0	223822.7671428572	18		
272	193.1435876881601	2.6376374	0.0	0.0	0.0	0.0	0.0	82790.07942857142	2		
273	388.2541758846039	2.6875873	337450.33	283551.815	316510.29	298086.53	341835.97	315304.4857142857	18		
274	193.143580380059	2.6984754	0.0	0.0	0.0	0.0	0.0	32428.31857142857	2		
275	227.08483976432592	2.7482634	146216.3875	16369.56925	172123.225	106105.879	0.0	133265.57	2	275.0	Biotin CollisionEnergy:102040
276	290.15323425143737	2.748996	215812.445	24503.75	267780.72	149972.3266666667	0.0	252809.68571428568	2		
277	267.0774577991081	2.7490802	250609.02	23552.3085	324925.8445	163498.12	0.0	389218.37	27	277.0	THIAMINE - 20.0 eV
278	245.09560046183427	2.74958	3205012.1500000004	632608.8925000001	3886818.525	2252614.533333333	0.0	3914569.685714286	2	278.0	Spectral Match to Biotin from NIST14
279	193.1435869952899	2.758818	45271.97625	0.0	38337.09275	40267.438	0.0	410952.03857142857	2		
280	238.2013191952008	2.7589884	46833.5215	0.0	0.0	44459.76866666667	0.0	327085.6871428572	-1		
281	215.1255453698051	2.7597485	0.0	0.0	0.0	0.0	0.0	246069.51714285716	2		
282	432.2805317304184	2.8316464	243597.3675	206337.0475	200718.6125	218906.96	243616.8	224907.61857142852	18		
283	401.1142558566464	2.838758	322726.1625	0.0	178690.41	133866.39666666667	0.0	302539.85571428575	45		
284	191.08493171479105	2.8598714	460067.245	99172.921	330771.43499999994	384447.61	0.0	521437.0942857143	72		
285	321.1478843402959	2.8603036	464711.1375	107910.43375	351490.49749999994	400868.1866666667	0.0	519533.0571428571	72		
286	343.1298586247464	2.8603036	311874.1625	86334.28	270742.1675	280730.33	0.0	396337.31	2		
287	201.15984703653515	2.912907	332838.7525	79901.7545	250237.3575	215525.68	179227.45	365310.1528571429	-1		
288	304.1543856534454	2.9279153	0.0	151790.7525	179275.95750000002	31350.1	345660.06	19756.611142857146	-1	288.0	methyl (1R,2R,3S,5S)-3-benzoyloxy-8-methyl-8-azabicyclo[3.2.1]octane-2-carboxylate
289	476.3068076547916	2.9598567	178927.0975	148774.97125	144377.001	150158.75666666668	153994.47	164548.12142857144	18		
290	356.18569326590205	3.157219	0.0	89053.27249999999	79437.47	0.0	1935062.0	66995.94857142857	-1	290.0	Glaucine
291	218.21152843957748	3.2478714	288239.7475	37563.9785	454238.3625	286403.87000000005	274457.34	382523.89714285714	2		
292	174.18533486402043	3.2518163	88938.60250000001	22845.6725	164560.5625	245977.8243333333	91657.8	1150610.4285714286	2		
293	335.2226775324005	3.3556826	66064.5025	17057.6825	15569.461	23180.34333333333	74603.96	93107.51685714288	-1		
294	234.20646512723263	3.3937316	862829.6875	247275.84250000003	2121780.075	2021967.41	566463.1	1975087.585714286	2		
295	357.23568302931363	3.435814	106178.6	55281.578	56862.942500000005	57367.5	0.0	115925.5577142857	-1		
296	241.203699578002	3.45208	184883.9175	173975.4075	179573.8975	170048.96666666667	0.0	200494.65714285715	61		
297	217.107151249878	3.4568818	198765.5475	209843.4025	209239.6	196318.41666666663	257332.53	249389.29857142855	-1	297.0	Rivenprost
298	251.185357805485	3.4630523	172909.3775	61896.64875	135361.8575	125229.74	109114.23	1274196.242857143	2		
299	273.16720733318715	3.4665675	0.0	0.0	0.0	0.0	0.0	239184.51000000004	-1		
300	379.2488206686415	3.5097325	104534.35125	19102.4825	0.0	36868.70333333333	0.0	68961.36857142857	-1		
301	401.2620113530573	3.576826	49176.9525	0.0	0.0	0.0	0.0	39136.172000000006	-1		
302	443.2697585189367	3.6004071	0.0	54598.4925	36203.2225	0.0	0.0	0.0	-1		
303	868.5053459166292	3.601755	0.0	239456.73375	191230.6475	0.0	0.0	10649.712	-1		
304	243.0877410493112	3.615068	119646.43475	20644.955	96868.40499999998	76651.55866666666	0.0	321438.1042857143	2	304.0	lumichrome CollisionEnergy:205060
305	852.510381741541	3.6281478	0.0	364781.52575	225010.83	0.0	0.0	0.0	-1		
306	342.2639454698386	3.686945	1248874.25	1341691.675	1303654.7999999998	1190770.866666667	1725915.9	1311280.7142857143	61	306.0	TOFA
307	263.1490103865541	3.6886358	0.0	0.0	25066.1025	0.0	249883.22	0.0	-1		
308	280.17551344959566	3.6886358	0.0	0.0	27714.9325	0.0	303879.1	0.0	-1		
309	185.11491731200064	3.6942856	171414.9475	185047.2075	191442.1625	148900.95333333334	365782.56	249583.54857142852	-1	309.0	Asperlactone
310	163.13291149428784	3.6957746	1022519.5	1058981.61	1082692.5775	927151.0133333332	1808068.5	1460932.657142857	18		
311	207.15916951642623	3.9242454	97303.17375	72403.7115	99493.2325	85753.002	104228.445	258736.8357142857	18		
312	309.22709275720894	3.9973266	29944.434500000003	0.0	29088.409	0.0	0.0	231210.1557142857	-1		
313	183.07819724727648	4.0415835	1898981.575	1950063.75	1899178.0	1886910.2666666664	2055178.5	1936467.5	-1		
314	155.04683713584387	4.0417814	209800.5	213157.4225	212624.715	203731.45	215808.89	209711.72	-1		
315	256.1543643177011	4.073064	324026.1325	328379.825	329808.7125	324035.10333333333	378597.5	315781.33571428567	-1		
316	149.05983982281822	4.0732613	1932623.95	2083779.125	2068184.45	1786707.1	3705954.2	2583367.3000000003	18		
317	233.07852528366925	4.0732613	2441180.775	2986415.25	2782721.25	2423690.4	5435461.0	2989064.042857143	-1		
318	211.09656307784897	4.073512	910941.06	978117.54	972992.9275	830513.3700000001	2007185.8	1286715.26	18		
319	246.17003194504807	4.082903	147235.39	20392.0375	117991.765	138589.38	0.0	199810.71714285715	7	319.0	Threonine_C8:0
320	246.24282782793256	4.119198	382397.195	53048.5075	509145.5475	347375.6066666667	140401.02	325640.28428571427	2	320.0	Tetradecanoic acid
321	202.21660208411907	4.135213	64051.518500000006	0.0	135510.09	149236.49666666667	0.0	386359.4557142858	2		
322	262.2377983241962	4.2181225	307557.606	99628.375	1207007.1725	867331.2599999999	140220.56	1176687.2342857143	2		
323	243.20680047199565	4.5750933	263981.3075	52354.525	231314.155	167123.81333333332	167141.19	291341.1242857143	-1		
324	274.2739934602717	4.7829094	1147751.295	276709.0575	950746.945	1017547.2666666668	182380.05	733098.2314285714	2	324.0	C16:0
325	230.24792992222825	4.8062057	149219.005	41426.28	193505.265	205158.07333333333	83726.48	370087.5200000001	2		
326	290.2689697862432	4.8651466	340703.8925	290477.225	766814.6000000001	975953.5066666664	126153.48	1406913.4	2		
327	277.12818400228167	4.8965635	28175.1845	22775.121	31969.4315	37902.316666666666	51024.836	301196.98571428563	-1	327.0	0055_Triethylcitrate
328	322.18600941259774	4.896609	0.0	24309.0625	27502.17125	36462.983	0.0	225329.11142857143	-1		
329	299.1101827855454	4.8966165	0.0	16554.379	15535.9	0.0	0.0	228298.37714285715	2		
330	412.2459466269591	4.899558	363393.2025	71654.3275	296438.7625	324115.06666666665	0.0	408669.4571428572	12	330.0	ReSpect:PT108140 1-Decanoyl-2-Hydroxy-sn-Glycero-3-Phosphocholine|10:0 LysoPC|1-decanoyl-sn-glycero-3-phosphocholine|1-Capryl-2-lysophosphatidylcholine|1-Decanoyllysolecithin|Phosphocholine,1-Decanoyl-2-Hydroxy-sn-Gly
331	213.1462166331393	4.9404354	211895.565	223934.9425	223265.56	204208.55	290574.97	278461.61285714287	2		
332	191.16420907172235	4.941029	750089.12	791955.2000000001	765994.9400000001	738907.4866666667	977326.5	960497.62	2		
333	226.18018630163385	4.9617853	32937.235	16194.414	60609.03125	38526.857	66356.336	178150.7557142857	31	333.0	2-heptylhexanedioic acid CollisionEnergy:102040
334	244.1907613412689	4.9621944	85922.44125	34706.12175	94156.0635	48255.831666666665	79721.17	222894.08571428567	31	334.0	glycine_undecanoyl chloride
335	261.1098417069312	5.074321	397531.005	450384.12250000006	431138.48	383882.0333333334	828459.1	492792.74714285706	2		
336	163.07537628860808	5.074571	206866.3775	220296.95	215574.735	199330.32333333333	355395.28	261337.94571428568	18		
337	205.1435244128193	5.148778	299213.585	322694.7775	313995.4925	266341.34	628548.5	397305.69	-1		
338	191.16419558033988	5.1657414	171103.6825	183568.955	185821.98	158106.25666666668	343099.28	224943.7057142857	-1		
339	274.27398326098046	5.1780167	651362.665	66235.67499999999	613574.1775	137843.16	0.0	256881.3842857143	41		
340	163.0753777281556	5.18384	402509.3925	420855.445	412985.8925	375019.66	650616.1	554656.4028571428	18		
341	239.1278233275916	5.18384	451030.93750000006	475711.97	466422.205	423153.3666666667	834882.5	655418.8157142857	-1		
342	261.1098458318926	5.18384	950416.075	1075244.3625	1004242.035	915602.2333333334	1899989.8	1318009.6085714288	-1		
343	284.18559797159355	5.1844387	204782.3725	203728.4375	207892.6325	198287.2433333333	242562.53	230811.7257142857	-1		
344	272.2583247834951	5.3128138	523363.4275	58465.6575	411044.85	310582.5666666667	0.0	203137.53285714285	41		
345	302.30539371284584	5.342753	66027.8125	0.0	28295.5665	63719.75666666666	0.0	0.0	2	345.0	SAFINGOL
346	318.3003466779332	5.404178	3600086.625	554008.605	2457370.5325	1797064.433333333	0.0	1305145.5714285714	41	346.0	phytosphingosine
347	198.18536775375537	5.4721684	263373.085	268493.75	270587.24000000005	273714.0966666667	272435.53	273449.4957142857	2		
348	451.2303599633166	5.55879	334966.06000000006	345287.18	323975.9925	342445.4066666667	326819.78	314151.64285714284	-1		
349	158.15403941131865	5.595717	3411250.25	3533634.125	3478112.2	3476778.1666666665	3768152.0	3551343.3571428573	2		
350	398.23026679147046	5.598686	153633.48500000002	21281.775	138059.96000000002	112265.55333333334	0.0	168432.03285714285	9		
351	223.1328206991431	5.611721	719712.9600000001	726795.36	727934.1875	747994.6699999999	748439.5	733281.1014285714	-1		
352	249.20607896637293	5.618715	219998.2	204303.13	210318.9575	214923.94666666668	241089.38	436101.0785714285	2	352.0	Spectral Match to Tri(propylene glycol) butyl ether from NIST14
353	440.2773321443094	5.6315207	682280.03	166428.66	600357.5825	402977.18333333335	0.0	764191.8428571428	12	353.0	Massbank:PS081304 1-Dodecanoyllysolecithin|12:0 LysoPC|Phosphocholine,1-Lauroyl-2-Hydroxy-sn-Glycero-3-|1-Lauroyl-2-Hydroxy-sn-Glycero-3-Phosphocholine
354	302.30539951080857	5.678591	1672924.7625000002	265885.0275	1306698.305	529830.9733333333	0.0	577802.6528571428	41	354.0	SPHINGANINE
355	299.30575609049725	5.7031674	176454.4675	15848.796	92271.9815	70911.51666666666	0.0	62963.17928571428	15		
356	300.2897335560626	5.815223	553269.6775	122398.695	328075.595	307426.76666666666	0.0	206635.9085714286	41	356.0	Spectral Match to Phytosphingosine from NIST14
357	348.20168509587114	5.836583	240475.58	252279.2525	262530.6175	250333.59	508249.22	254323.76428571428	-1		
358	304.1754689054012	5.855591	194844.365	237275.02750000003	266596.9375	201823.57333333333	703133.1	239927.97428571427	-1		
359	281.295110106613	5.884161	195369.59	26958.78	165282.8125	168121.98333333334	71924.48	75969.30428571429	2		
360	286.31040361847664	5.897953	197158.519	21675.265	227204.71	61023.35	0.0	79246.14571428571	-1	360.0	Spisulosine
361	466.29306099776016	5.89868	260045.075	70859.53925	232016.8	228580.5166666667	0.0	337252.3285714286	12	361.0	Spectral Match to Lyso-Sphingomyelin from NIST14
362	242.28421738995067	5.9119234	201502.72	24069.645	186929.8375	43794.89066666667	0.0	67133.07571428572	-1		
363	179.10668941749395	5.9504867	388126.675	384285.08	400140.97	385751.62	372177.56	376978.9257142857	-1		
364	149.02342389006236	5.97673	1029500.325	1046654.11	1067906.16	1048221.3333333334	1161507.8	1104132.8285714288	2	364.0	Spectral Match to Phthalic anhydride from NIST14
365	177.05469114878662	5.97673	1010260.9525	1022155.34	1036662.16	1010345.9533333333	1181058.9	1099924.857142857	2		
366	223.09652172840643	5.97673	593366.26	618699.75	625547.185	607001.8166666667	768879.56	670637.8428571429	-1		
367	284.2947804393053	6.003449	323846.53500000003	31594.4775	302659.042	139651.7986666667	0.0	119188.81142857144	41		
368	284.3311713400587	6.1511436	654759.6367500001	18735.515	78187.46875	17494.354	0.0	199053.09857142856	2		
369	311.1852737554285	6.186108	984340.94	997885.29	990567.72	1015820.0033333332	1081728.6	977999.6142857142	34	369.0	pranolium
370	554.3454985138203	6.2927456	136837.11425	26256.54	117237.9775	123294.47166666668	0.0	155525.2657142857	-1		
371	468.30867509854	6.304534	311095.84750000003	83109.04574999999	260700.8225	245330.6	0.0	330057.85571428575	12	371.0	Spectral Match to 1-Myristoyl-sn-glycero-3-phosphocholine from NIST14
372	358.3679098089445	6.322688	179016.9425	29494.6175	225989.0525	77379.95199999999	0.0	69291.31000000001	2	372.0	Carpachromene
373	426.261528791644	6.3969154	263013.445	29713.0075	245119.5245	160998.62666666668	0.0	212082.04285714283	9	373.0	Spectral Match to 1-Myristoyl-2-hydroxy-sn-glycero-3-phosphoethanolamine from NIST14
374	468.3086543718017	6.4279604	245768.6825	39227.055	223008.0825	230790.40333333332	0.0	285247.54	17	374.0	Spectral Match to 1-Myristoyl-sn-glycero-3-phosphocholine from NIST14
375	288.2533164627826	6.457025	288249.04500000004	286855.26249999995	281531.0875	287709.31666666665	287891.47	284381.70714285714	-1	375.0	STROBILACTONE A
376	250.11865678531305	6.478004	0.0	174876.2775	220587.2	58665.39000000001	741712.56	78773.21571428572	-1	376.0	Massbank:LU040703 2,4,6-Tris(allyloxy)-1,3,5-triazine|Triallyl cyanurate|2,4,6-tris(prop-2-enoxy)-1,3,5-triazine
377	195.1016911921525	6.485324	725556.2599999999	703601.9974999999	704339.17	718044.4500000001	678535.56	676625.9771428572	-1		
378	452.2773940626439	6.5114717	3749398.75	983174.365	3260158.715	3506682.8666666667	0.0	3859515.242857143	9	378.0	PE(16:1/0:0); [M+H]+ C21H43N1O7P1
379	474.2592461930103	6.511657	279522.1325	41012.6925	239787.97	266715.9366666667	0.0	288563.33	9		
380	494.3245142908009	6.541777	12882463.25	4313471.975	12767118.2	10877457.666666666	0.0	15033348.42857143	12	380.0	PC(16:1/0:0); [M+H]+ C24H49N1O7P1
381	516.3059827977387	6.542378	1394399.5	540954.1825	1191160.1825	1261549.7	0.0	1475661.8000000005	22		
382	140.06823234712158	6.600897	158152.73	0.0	106825.375	70217.57666666668	0.0	85385.55999999998	33		
383	265.1797299938552	6.613176	242583.045	220704.6325	239146.73	232629.34	201025.02	223394.80285714284	27	383.0	Thiamine
384	474.259285693762	6.625928	218161.665	30978.1175	172157.10625	147940.20333333334	0.0	195609.8371428571	76		
385	452.2773638888866	6.626161	3458207.525	855267.3	2883808.94	2450563.9	0.0	3216101.814285714	9	385.0	PE(16:1/0:0); [M+H]+ C21H43N1O7P1
386	502.29036344154406	6.641752	178527.2875	35732.395	200726.3485	117437.55333333334	0.0	194371.9942857143	32		
387	480.3087192052204	6.647311	674952.0625	203803.8085	653243.7625000001	475109.99	0.0	702005.4085714285	9		
388	516.3061736982776	6.6556077	592897.5750000001	114292.055	541286.4575	596174.09	0.0	701943.2914285715	17		
389	494.3243427811083	6.656532	3363465.075	1012655.1	3278923.425	3387823.4333333336	0.0	3886330.457142857	17	389.0	Lyso PC (16:1)
390	480.30867578996	6.753544	157432.46500000003	33293.39	154011.715	96388.62333333334	0.0	159502.48142857145	32		
391	395.3632818470042	6.816845	441191.1925	447803.6575	392203.335	460635.72	274538.6	368010.77	-1	391.0	Trp-C11:0
392	496.3399006561797	6.9502935	407881.7325	100330.59	208313.5	518043.44	0.0	380254.09	12	392.0	1-Palmitoylglycerophosphocholine
393	140.06823903679046	7.036026	109183.1825	58028.4	104097.3375	72723.52666666666	0.0	208725.63571428572	-1		
394	476.27493396917913	7.038642	155195.5785	0.0	114652.44	45324.65333333333	0.0	36024.903857142854	76		
395	454.2929957211846	7.0396805	2424750.625	287466.98875	1883309.48	995748.9666666668	0.0	1084023.2985714283	9	395.0	Spectral Match to 1-Palmitoyl-2-hydroxy-sn-glycero-3-phosphoethanolamine from NIST14
396	518.3218695207468	7.070894	292477.0025	17276.4415	164213.1425	225571.2766666667	0.0	134922.2107142857	17	396.0	Spectral Match to 1-Hexadecanoyl-sn-glycero-3-phosphocholine from NIST14
397	496.3399220750995	7.072333	1690998.15	320068.3225	1158737.2975	1434304.2333333334	0.0	1121348.3714285714	17	397.0	Spectral Match to Lyso-PC(16:0) from NIST14
398	140.0682250878842	7.111668	107357.4375	0.0	50787.6525	0.0	0.0	0.0	33		
399	758.5693502760782	7.143002	0.0	0.0	0.0	161997.24	0.0	0.0	-1		
400	480.30870594490966	7.14405	3035973.825	754400.6699999999	2448100.09	2851589.833333333	0.0	2294857.685714286	9	400.0	PE(18:1/0:0); [M+H]+ C23H47N1O7P1
401	502.2904173873988	7.1441607	212599.88125	29636.3675	162216.91150000002	196115.10266666664	0.0	149258.28285714285	9		
402	325.20089470468554	7.162126	217306.66	234460.46	228659.3775	223668.80666666667	261452.14	228368.57857142857	34		
403	522.3559274659308	7.175928	6266083.125	2062648.4775	5942145.715000001	4976155.833333333	0.0	5920236.357142857	12	403.0	Spectral Match to 1-(9Z-Octadecenoyl)-sn-glycero-3-phosphocholine from NIST14
404	544.3374451970253	7.176483	812378.5449999999	294979.19175	766458.98	748377.3133333334	0.0	916365.96	22		
405	480.3086836778188	7.2526507	154074.3025	23189.23625	112696.05	104392.25	0.0	99661.50557142856	9	405.0	Spectral Match to 1-(9Z-Octadecenoyl)-sn-glycero-3-phosphoethanolamine from NIST14
406	522.3557087695403	7.279509	288358.04375	69563.58	233878.0875	265042.4766666666	0.0	254717.37285714285	17	406.0	Spectral Match to 1-(9Z-Octadecenoyl)-sn-glycero-3-phosphocholine from NIST14
407	508.3400480006728	7.2932715	287318.9125	65334.155	281773.38	202207.81666666665	0.0	257393.23714285716	9		
408	235.1692848190592	7.4521923	330112.4125	327348.52	325073.1325	331174.3133333333	301114.28	329012.17142857146	2		
409	267.1719580909911	7.454288	438896.965	438770.085	447927.445	428757.9666666666	364539.97	998882.91	-1	409.0	Spectral Match to Tributyl phosphate from NIST14
410	249.18495081885703	7.4771695	230082.055	219513.89	227522.3425	229517.11666666667	218886.62	225484.20428571428	-1		
411	524.3713788310483	7.7069964	377718.6525	24906.504	205176.0875	236525.80666666664	0.0	153366.94571428574	17	411.0	Spectral Match to 1-Stearoyl-2-hydroxy-sn-glycero-3-phosphocholine from NIST14
412	298.2740815801219	7.709856	128503.0475	34089.325	174136.23500000002	100552.89066666667	0.0	130713.25228571428	-1		
413	281.17233624279976	7.7865887	230762.4675	235984.68	250415.0825	207418.43333333332	455606.78	266070.0771428572	-1		
414	259.19045465797626	7.786967	752913.4249999999	760918.1275	803567.04	681430.3833333333	1133530.8	836435.5171428571	-1	414.0	Spectral Match to Dibutyl adipate from NIST14
415	467.3135814370693	7.882687	278602.5925	55114.8475	232143.72125	236927.48	0.0	206756.4	2		
416	279.1591287646929	7.9270515	1148239.3	1203071.775	1173108.75	1166939.4666666666	1087022.8	1791736.7428571428	23	416.0	Spectral Match to Dibutyl phthalate from NIST14
417	149.02339219010756	7.9277277	498678.7	507927.7375	490699.755	498426.5833333333	434320.38	761642.9114285713	2		
418	205.0860276167452	7.9305	127300.825	133107.6785	126603.2475	132534.07	119115.66	208963.9057142857	23		
419	483.3091673058564	7.9914694	153139.8535	39535.34	133691.4525	143934.54	0.0	233807.23428571428	-1		
420	371.10137470859627	8.199013	201078.155	196375.475	184180.25375	242284.0	51531.215	130137.81857142856	24	420.0	CAMPTOTHECIN
421	526.4315986525332	8.412181	213757.12500000003	242901.78	229400.575	219700.77333333332	236421.1	233374.26857142855	18		
422	482.4053439139788	8.449812	256213.93750000003	259344.62	251003.3975	256650.74	247872.5	259858.6371428572	18		
423	377.3207532907088	8.455139	251277.4175	22086.34375	140185.0625	147198.78666666665	0.0	44241.30871428572	13	423.0	Polanrazine B_120170
424	438.379046285946	8.486987	256977.5225	258393.13749999995	254179.2925	252879.50666666668	289700.34	251395.43285714285	18		
425	394.3527585775484	8.523284	199069.415	202203.3225	196509.3625	205299.93333333332	229887.33	209697.1171428571	18		
426	523.245861152851	8.623812	38598.1275	13491.12	45457.64	0.0	325156.47	34227.75199999999	-1		
427	502.3164976895122	8.62424	291383.2075	127130.0915	305373.88425	0.0	1783671.9	271865.34	39		
428	485.2899178235981	8.6249895	118664.1	55163.866	134890.08075	0.0	750365.8	127025.36857142855	39		
429	530.3478315651262	8.625099	94196.6275	51132.521250000005	88944.2525	0.0	410674.3	91531.29857142856	39		
430	507.2719080205417	8.625376	105308.87	52377.5875	138204.88	0.0	786761.9	125550.81714285714	-1		
431	140.068242535	8.714513	178048.18	0.0	258175.6625	0.0	0.0	23951.825714285715	-1		
432	780.5513398896624	8.714805	46079.817500000005	60981.253500000006	133243.985	77613.21	0.0	128826.90142857144	-1		
433	758.5693771152228	8.715092	52636.5575	0.0	170596.9	71378.07333333333	0.0	0.0	12	433.0	Spectral Match to 1-Hexadecanoyl-2-octadecadienoyl-sn-glycero-3-phosphocholine from NIST14
434	315.2318517484829	8.753798	168885.98	34466.09	185892.58	143714.67466666666	0.0	159739.3714285714	13		
435	459.3106717533232	8.754615	487817.0525	146253.5405	605809.7359999999	409161.05	0.0	472035.8228571428	13		
436	481.29267703268926	8.755207	944470.41	362094.8575	1091088.77	818888.0466666667	0.0	966600.93	3		
437	497.2664881083745	8.755247	261638.34	99334.12925	287486.455	238781.01	0.0	295771.96571428573	2		
438	282.27914918675384	8.776176	132129.805	18335.76	67111.60250000001	53400.04866666667	0.0	65290.30157142858	13	438.0	Spectral Match to 3-Hydroxyoctadecanoic Acid from NIST14
439	497.2664981872566	8.884165	194560.0215	53537.535	186636.645	170284.47199999998	0.0	216717.8228571429	-1		
440	481.292633615482	8.885593	487195.38	194081.46425	555072.31875	396270.75333333336	0.0	487569.2914285714	3		
441	315.23186748431027	8.885841	268586.48	68222.3825	315677.00075	212586.83666666667	0.0	244214.50142857144	13		
442	483.3078700417223	8.902934	237186.91250000003	48744.015	211946.0925	156005.12666666668	0.0	194405.63714285716	3		
443	427.3209928826679	8.909631	188012.0815	0.0	83143.19249999999	87130.48666666666	0.0	0.0	-1		
444	449.3028822965408	8.911638	148652.315	0.0	67267.95	58634.87333333333	0.0	0.0	-1		
445	393.3150784876264	8.9866	243564.07	14435.664	112309.195	137385.33466666666	0.0	8230.892857142857	44		
446	463.1304984859905	9.096745	137353.7475	127009.635	126781.714	164192.75999999998	59058.246	63047.13714285714	-1	446.0	630407-66-8
447	445.1201711378886	9.097219	154878.8125	143609.3225	137831.925	197050.1066666667	0.0	76430.94428571429	24	447.0	Lorlatinib
448	411.3258802781772	9.108773	268593.7325	66942.75	286401.395	182188.7033333333	0.0	198847.53714285712	-1		
449	469.313639599957	9.134012	208463.7875	217869.56	210898.915	209113.21666666667	252657.81	213230.5614285714	2		
450	464.35847388420143	9.134605	2489397.5	2479469.3	2404936.975	2383124.4	2648462.5	2451211.4285714286	-1		
451	732.5536282627481	9.158606	98839.27375	53849.5675	193218.775	28691.04	0.0	172509.7714285714	40		
452	140.06822636543248	9.158707	157403.205	50409.3075	242302.285	85873.97000000002	0.0	168812.29857142858	-1		
453	758.5693425512675	9.159094	185209.955	259036.675	425582.715	68092.40000000001	0.0	490684.6557142857	12	453.0	Spectral Match to 1-Hexadecanoyl-2-octadecadienoyl-sn-glycero-3-phosphocholine from NIST14
454	780.5513512843211	9.159133	118653.5145	136514.245	122735.151	164316.90866666668	0.0	132967.30785714285	22		
455	606.4131351976314	9.190591	241786.00875000004	34739.4325	305966.735	203191.492	0.0	141510.53857142857	9		
456	670.4419199976605	9.225338	155663.715	36551.9375	196961.3225	138342.15	0.0	112767.55285714286	22		
457	648.4600096983621	9.226638	708143.345	234604.1875	915260.42	641332.6033333334	0.0	561871.4128571429	12	457.0	Spectral Match to N-Lauroyl-D-erythro-sphingosylphosphorylcholine from NIST14
458	411.3258956296348	9.294299	188726.3425	19723.705	150519.9	99522.45333333332	0.0	24626.902428571422	13		
459	732.5538764436706	9.318546	23737.629	0.0	55033.42	0.0	0.0	78448.40285714285	40	459.0	Spectral Match to 1-(9Z-Octadecenoyl)-2-tetradecanoyl-sn-glycero-3-phosphocholine from NIST14
460	758.569568438601	9.32254	167484.5875	75947.1	266053.45	56814.06333333333	0.0	364188.7028571429	12	460.0	Spectral Match to 1-Hexadecanoyl-2-octadecadienoyl-sn-glycero-3-phosphocholine from NIST14
461	780.5516298655091	9.326534	58645.70049999999	64089.03775	137406.56275	137040.91	0.0	141027.07142857142	22		
462	140.06827385478917	9.32775	146412.5675	47366.075	195590.335	35409.583333333336	0.0	109339.50285714286	-1		
463	375.3048469466207	9.3918705	118366.8175	20336.04	81311.5575	45423.988000000005	0.0	29371.597857142857	13		
464	758.5694638956593	9.511555	91580.5775	0.0	111237.0675	51502.16	0.0	0.0	-1	464.0	PC(16:1/18:1); [M+H]+ C42H81N1O8P1
465	395.3311337561502	9.512525	136985.77075	27535.84375	113605.61250000002	78334.675	0.0	75679.547	44	465.0	Ergosterol
466	429.3365609775436	9.512759	223632.299	39876.3175	171799.715	141720.40666666665	0.0	112281.35642857144	13	466.0	(1S,2R,5R,6R,10R,13S,15S)-5-[(2R,3E,5R)-5,6-dimethylhept-3-en-2-yl]-6,10-dimethyl-16,17-dioxapentacyclo[13.2.2.0,?.0,?.0?,?]nonadec-18-en-13-ol
467	377.3203963200661	9.512924	223235.2675	41676.375	174632.6125	121357.61666666664	0.0	115116.78285714288	13		
468	608.4287758158434	9.58349	188021.865	21402.996	353377.5725	94749.05	0.0	93723.94428571429	9		
469	672.4575207785209	9.633759	117911.28325	12897.4225	124082.95124999998	61237.91	0.0	29588.06328571429	22		
470	650.4756899062576	9.638082	568590.8385000001	101399.06775	585168.444	347589.8	0.0	259367.8757142857	12		
471	634.444439801008	9.690142	604079.8425	113817.8425	890594.4425000001	334731.6833333333	0.0	285283.3685714286	9		
472	698.4731357394402	9.738139	442785.31625	150737.9705	550844.70125	299620.72000000003	0.0	366358.0628571429	22		
473	782.5663142780058	9.739919	63728.825	46393.63	15540.5975	61279.05666666667	0.0	38873.37285714286	-1		
474	676.4913887247429	9.741766	2023520.465	546696.7250000001	2443572.7125	1112821.3333333333	0.0	1206286.0285714285	12	474.0	SM(d18:1/14:0); [M+H]+ C37H76N2O6P1
475	959.5702040572228	9.753002	0.0	120605.51499999998	96268.02925	0.0	77163.586	0.0	-1		
476	760.5844265799387	9.758449	236917.36	150112.015	72757.525	259319.3	0.0	146426.65	12	476.0	Spectral Match to 1-Hexadecanoyl-2-(9Z-octadecenoyl)-sn-glycero-3-phosphocholine from NIST14
477	660.4600587470392	9.813225	96719.66	18517.97	172703.9725	85442.65666666666	0.0	51941.40014285714	9		
478	128.1184150227566	9.8569765	53799.575	0.0	40656.72	0.0	0.0	25071.46	15		
479	371.1013428988725	9.861263	101657.91775	126136.2275	86745.95	159794.1433333333	0.0	49292.008571428574	24		
480	554.1762611235001	9.861654	172065.43875	247939.85850000003	162361.4075	288893.2866666667	95633.86	105286.8804285714	10	480.0	Presatovir
481	760.5845828948715	9.870819	0.0	0.0	57106.495	0.0	0.0	52492.44	-1		
482	724.4888058549193	9.881552	105087.04	40883.3175	161756.075	122018.65	0.0	85801.75728571428	22		
483	702.506650032465	9.8823395	480754.8625	214464.0655	783836.965	515689.48	0.0	371421.2728571429	12	483.0	SM(d18:2/16:0); [M+H]+ C39H78N2O6P1
484	662.4756069002865	9.910219	56087.7325	15512.53325	140662.875	28174.22333333333	0.0	18887.447571428573	9		
485	790.5591321463049	9.934495	145530.20249999998	70299.1525	212175.30625	208868.02200000003	0.0	144311.838	12	485.0	PC(15:0/22:6); [M+H]+ C45H79N1O8P1
486	760.5844160858184	9.944643	55884.0925	96834.825	31260.745	111868.67666666668	0.0	42862.85571428571	-1		
487	338.3417289277245	9.945154	479751.245	154688.26575000002	576046.015	287967.31	242092.19	646004.0642857143	13	487.0	Spectral Match to 13-Docosenamide, (Z)- from NIST14
488	128.1184138951321	9.964276	0.0	0.0	0.0	0.0	0.0	33357.194285714286	15		
489	769.4860746462758	9.98572	0.0	150124.365	80424.59	0.0	0.0	0.0	-1		
490	153.11352340050402	10.003144	88522.6835	0.0	0.0	0.0	0.0	73827.83757142858	15	490.0	SCHEMBL4986215 (Chimeric precursor selection)
491	128.11840938836386	10.1236725	66740.70425	120666.43	39230.85	107472.409	0.0	41864.41942857143	15		
492	153.11352262416852	10.148175	0.0	0.0	47980.785	114770.60333333332	0.0	32574.96	15	492.0	SCHEMBL7091005
493	662.4757497157625	10.191948	214787.505	21966.73625	396605.5225	124484.712	0.0	97774.3592857143	9	493.0	PE-DAG (14:0/16:1)
494	151.09784086255013	10.207815	38399.985	52666.0775	67873.4875	102719.18833333334	0.0	84457.72985714287	15		
495	128.11840665367544	10.238294	0.0	0.0	54154.475	0.0	0.0	7894.325714285714	15		
496	153.11352438398748	10.239366	116460.7875	77280.07	55445.5675	62523.76666666666	0.0	34968.097714285715	15	496.0	SCHEMBL4986215 (Chimeric precursor selection)
497	678.5070677389097	10.24262	420317.36749999993	32643.0325	531443.385	278016.7513333333	0.0	162073.94571428574	12		
498	128.11840357789214	10.286904	54218.5	36114.95	0.0	52378.62	0.0	29691.945142857145	-1		
499	710.4730202489732	10.290419	158361.19	70745.4525	146594.806	172923.37833333333	0.0	179653.02285714287	-1		
500	688.491402228102	10.290853	1911957.125	633573.315	2452570.025	1967921.2466666668	0.0	1422712.0285714287	9		
501	792.5623168790312	10.314859	0.0	60171.925	76886.57	0.0	0.0	0.0	-1		
502	797.5173090198883	10.315672	0.0	183405.05	144151.11	0.0	116701.93	0.0	-1		
503	704.5225294340344	10.322615	1353523.88	361632.684	1450738.7799999998	1240152.5	0.0	969353.9057142856	12	503.0	SM(d18:1/16:0); [M+H]+ C39H80N2O6P1
504	730.5382867934476	10.41698	4488589.550000001	2084674.65	4747899.975	4501554.0	0.0	4341480.1	12	504.0	Sphingomyelin (d18:1/18:0) CollisionEnergy:102040
505	752.5198246187916	10.47949	223639.4625	224621.7625	236545.28	263911.0233333334	0.0	305031.8971428572	22		
506	628.1948976829053	10.518481	101708.2175	146769.26325	94139.62125	141380.31999999998	89847.29	51600.634285714295	10	506.0	Contaminant vial septum ThermoFisher C5000-44B
507	716.522491388117	10.558272	670234.0525	243335.205	875447.3675	543142.1066666667	0.0	515198.0657142857	9		
508	546.4308092499637	10.564241	94486.28	15980.3625	266932.25	32299.153333333332	0.0	106095.4857142857	-1		
509	128.11839539027227	10.676939	0.0	0.0	0.0	81198.06333333334	0.0	0.0	15		
510	153.11352526809875	10.676939	0.0	0.0	0.0	92076.33333333331	0.0	0.0	15	510.0	SCHEMBL7091005
511	123.07936040058436	10.737958	0.0	51345.7225	0.0	0.0	238820.89	34747.76857142857	15		
512	153.11353502962046	10.838197	0.0	0.0	56303.475	0.0	0.0	0.0	15	512.0	SCHEMBL7091005
513	123.07937452303376	10.93828	0.0	0.0	0.0	118379.84333333334	0.0	0.0	15		
514	153.1135196587402	11.0051775	57548.96	0.0	63184.695	0.0	0.0	28533.015714285717	15	514.0	SCHEMBL7091005
515	702.2136426851964	11.061534	148388.0575	164240.13425	113507.855	209512.46333333332	73249.086	74250.71142857142	10	515.0	Contaminant vial septum ThermoFisher C5000-44B
516	123.0793876767571	11.191114	119182.575	0.0	0.0	0.0	0.0	0.0	15		
517	176.10573290941295	11.286422	0.0	0.0	0.0	0.0	0.0	47334.897142857146	15	517.0	113777-33-6
518	153.11352592939204	11.322072	55884.7075	0.0	0.0	0.0	0.0	39526.24571428571	15	518.0	SCHEMBL7091005
519	128.11841091428735	11.345438	0.0	0.0	0.0	0.0	0.0	34846.67857142857	15		
520	559.5174559832478	11.433272	550975.525	504726.9825	597490.5225	567926.1666666666	307038.44	556660.4257142857	13		
521	537.5356989294498	11.434686	1564549.45	1587774.225	1377160.375	1595794.2666666666	1683322.2	1606149.2	38		
522	591.4410545309572	11.474141	54203.2625	54400.7	111962.79575	90883.438	0.0	96102.28142857144	-1		
523	138.06626897029207	11.545124	0.0	0.0	0.0	0.0	0.0	51146.55714285715	15		
524	123.07940613349018	11.564499	0.0	0.0	0.0	0.0	0.0	57803.11142857144	15		
525	161.08225220201834	11.564499	0.0	0.0	0.0	0.0	0.0	32616.731428571427	15	525.0	M50367
526	161.0822588452015	11.791015	0.0	0.0	0.0	0.0	402480.16	0.0	15	526.0	M50367
527	123.07939216288888	11.82595	0.0	0.0	0.0	0.0	461563.53	0.0	15		
528	565.5669103033625	11.917261	1003399.4	1028984.775	1034098.685	1022031.7133333334	1235632.2	983542.7214285716	38		
529	587.5487009293397	11.917758	226495.7225	232380.0	239738.7275	248647.93666666668	203907.7	212505.68571428568	-1		
