CLUSTERID1	CLUSTERID2	ComponentIndex	Cosine	DeltaMZ
11	22	1	0.7295	-14.115
15	22	1	0.7759	-100.100
11	12	1	0.785	18.011
35	96	2	0.8285	-18.979
91	96	2	0.8349	-19.016
96	278	2	0.8266	-57.021
157	245	2	0.815	10.034
158	245	2	0.8854	-80.059
174	245	2	0.8109	-60.080
245	259	2	0.9038	-44.026
245	291	2	0.8561	-1.107
245	347	2	0.9304	18.920
245	408	2	0.8147	-18.064
53	57	2	0.8976	67.987
54	57	2	0.9322	83.961
67	347	2	0.8124	52.845
321	347	2	0.8558	4.031
347	359	2	0.9111	-83.110
118	234	2	0.8898	-0.054
147	234	2	0.8768	-0.054
175	234	2	0.9015	-0.054
259	329	2	0.896	-37.979
151	304	2	0.8099	-120.032
158	304	2	0.8377	-106.042
272	279	2	0.8687	0.000
274	279	2	0.9011	0.000
279	298	2	0.9067	-58.042
279	332	2	0.9327	1.979
279	352	2	0.8817	-56.062
115	157	2	0.8101	-24.087
157	200	2	0.816	90.093
157	227	2	0.8175	18.011
320	349	2	0.8208	88.089
349	372	2	0.8057	-200.214
349	408	2	0.9304	-77.015
259	415	2	0.8387	-206.182
62	335	2	0.8657	-26.053
113	335	2	0.8933	119.970
163	335	2	0.8543	-137.070
242	335	2	0.897	-28.031
324	335	2	0.8448	13.164
325	335	2	0.8448	-30.862
61	63	2	0.8213	-128.106
63	67	2	0.9003	83.961
276	278	2	0.8182	45.058
155	320	2	0.8664	99.805
286	320	2	0.8496	96.887
291	320	2	0.9601	-28.031
320	321	2	0.9009	44.026
320	322	2	0.8236	-15.995
320	324	2	0.9766	-28.031
320	325	2	0.8288	15.995
320	345	2	0.9399	-56.063
320	372	2	0.9695	-112.125
364	365	2	0.8289	-28.031
365	417	2	0.8818	28.031
61	119	2	0.8458	-128.178
84	119	2	0.8485	-79.966
119	140	2	0.9183	-13.007
119	151	2	0.8201	212.008
119	166	2	0.9413	-29.002
119	221	2	0.9026	-13.007
44	47	2	0.8458	-15.974
45	47	2	0.9408	100.100
46	47	2	0.8469	32.113
47	50	2	0.9336	-15.974
47	52	2	0.9382	100.100
47	56	2	0.9194	-17.972
47	58	2	0.8738	-83.797
45	46	2	0.8389	67.987
46	48	2	0.9161	184.061
46	55	2	0.9446	100.100
136	163	2	0.8255	132.042
151	163	2	0.9455	-0.984
158	163	2	0.83	13.006
163	200	2	0.811	-13.006
163	281	2	0.8631	-91.086
163	359	2	0.8647	-157.255
163	364	2	0.8274	-24.984
163	417	2	0.8626	-24.984
259	449	2	0.8463	-208.182
368	449	2	0.8542	-184.982
155	372	2	0.9018	-12.320
291	372	2	0.9522	-140.156
292	372	2	0.8434	-184.183
321	372	2	0.8543	-156.151
324	372	2	0.9679	-84.094
325	372	2	0.8444	-128.120
345	372	2	0.9476	-56.062
368	372	2	0.8493	-74.037
294	326	2	0.9774	-56.063
322	326	2	0.9828	-28.031
324	326	2	0.8496	-15.995
291	324	2	0.9638	-56.062
292	324	2	0.8446	-100.089
321	324	2	0.8494	-72.057
324	325	2	0.8897	44.026
324	345	2	0.9428	-28.031
324	368	2	0.8451	-10.057
84	179	2	0.8917	-13.006
136	179	2	0.9262	-12.022
140	179	2	0.9631	79.967
178	179	2	0.9009	15.995
179	191	2	0.9819	0.000
179	198	2	0.8811	-15.995
179	221	2	0.9287	-79.967
179	223	2	0.8542	0.000
179	254	2	0.9302	-29.993
179	332	2	0.8377	76.939
146	227	2	0.8306	15.995
159	227	2	0.8495	15.995
200	227	2	0.8143	-72.083
134	140	2	0.8792	316.046
140	166	2	0.9411	-15.995
140	191	2	0.9531	79.967
140	223	2	0.8464	79.967
140	254	2	0.9213	49.974
136	198	2	0.8964	-28.017
166	198	2	0.9389	79.967
191	198	2	0.8544	-15.995
62	67	2	0.8717	-15.974
62	242	2	0.8585	1.978
62	253	2	0.8052	79.902
62	259	2	0.8605	-26.074
62	275	2	0.8289	7.972
62	359	2	0.8738	-46.238
331	437	2	0.8183	-284.120
43	49	2	0.8801	-83.961
43	52	2	0.9247	-67.822
43	60	2	0.8838	-83.796
48	292	2	0.8193	48.839
113	292	2	0.8354	206.894
291	292	2	0.9107	44.026
292	321	2	0.9658	-28.031
292	325	2	0.9219	-56.063
292	368	2	0.8423	-110.146
292	408	2	0.8151	-60.984
166	221	2	0.9222	15.995
191	221	2	0.9139	-79.967
221	223	2	0.8307	79.967
48	417	2	0.8144	74.001
364	417	2	0.9481	0.000
151	181	2	0.8501	-29.985
158	181	2	0.8368	-15.995
181	200	2	0.8186	15.995
259	368	2	0.8485	-23.200
321	368	2	0.8666	-82.115
325	368	2	0.8392	-54.083
345	368	2	0.8249	17.974
359	368	2	0.9011	-3.036
155	156	2	0.8515	15.974
49	52	2	0.9445	16.139
52	60	2	0.9596	-15.974
52	61	2	0.9422	67.987
84	178	2	0.8816	-29.002
136	178	2	0.8777	-28.017
166	178	2	0.9573	79.967
178	191	2	0.8799	15.995
178	223	2	0.8128	15.995
45	55	2	0.824	168.088
286	291	2	0.8819	124.918
291	321	2	0.8603	15.995
291	325	2	0.8457	-12.036
291	345	2	0.9265	-84.094
291	359	2	0.8381	-63.084
259	331	2	0.8241	47.985
118	155	2	0.8174	-201.999
275	278	2	0.9144	-18.011
84	332	2	0.8434	63.933
272	332	2	0.8814	1.979
332	352	2	0.863	-58.042
48	251	2	0.8419	-19.076
158	251	2	0.8313	-105.054
251	281	2	0.8559	26.975
251	286	2	0.8445	-101.030
251	321	2	0.8474	39.883
67	200	2	0.8097	113.985
151	200	2	0.8669	-13.990
158	200	2	0.948	0.000
200	259	2	0.834	-124.085
200	275	2	0.8544	-90.039
272	352	2	0.8525	-56.062
274	352	2	0.8364	-56.062
298	352	2	0.8487	1.979
67	113	2	0.8071	-130.049
67	242	2	0.8165	17.952
67	275	2	0.8336	23.946
67	359	2	0.8614	-30.264
281	321	2	0.8497	12.909
321	325	2	0.9068	-28.031
44	58	2	0.8357	-99.771
45	58	2	0.874	16.304
49	58	2	0.811	-167.758
294	322	2	0.9779	-28.031
272	274	2	0.8812	0.000
44	45	2	0.8104	-116.074
45	50	2	0.938	84.126
272	298	2	0.8864	-58.042
84	136	2	0.9139	-0.984
136	191	2	0.9126	-12.022
151	158	2	0.8932	-13.990
49	56	2	0.8433	-101.934
54	56	2	0.9447	-100.100
56	60	2	0.8294	102.098
118	147	2	0.9022	0.000
118	175	2	0.9504	-0.000
118	281	2	0.8459	-71.078
259	345	2	0.8228	-41.174
84	191	2	0.886	-13.006
191	223	2	0.8768	0.000
191	254	2	0.9203	-29.993
242	325	2	0.8413	2.831
53	54	2	0.8902	-15.974
44	60	2	0.8272	68.152
49	60	2	0.9834	0.165
50	60	2	0.9363	100.100
259	359	2	0.884	-20.164
61	84	2	0.82	-48.212
84	223	2	0.8303	-13.006
49	50	2	0.9154	-99.935
113	275	2	0.8309	153.995
113	325	2	0.8505	150.831
146	159	2	0.8195	-0.000
147	175	2	0.9098	-0.000
44	49	2	0.8711	67.987
35	91	2	0.9487	0.036
175	281	2	0.8144	-71.077
48	281	2	0.8996	7.899
275	359	2	0.8425	-54.210
158	275	2	0.8201	-90.039
275	286	2	0.854	-116.045
48	275	2	0.8362	-4.060
436	440	3	0.8995	0.000
440	442	3	0.8601	-2.015
436	442	3	0.8384	-2.015
77	78	4	0.9531	-18.011
78	112	4	0.8187	-79.966
78	176	4	0.8492	-0.000
78	177	4	0.87	18.011
78	195	4	0.9363	18.011
78	196	4	0.9322	-0.000
77	195	4	0.9519	-0.000
176	195	4	0.8452	18.011
177	195	4	0.8743	0.000
195	196	4	0.9102	-18.011
77	112	4	0.7847	-97.977
112	196	4	0.7812	79.966
77	176	4	0.8325	-18.011
176	196	4	0.9613	0.000
77	177	4	0.884	-0.000
177	196	4	0.8152	-18.011
77	196	4	0.9146	-18.011
24	99	6	0.9843	0.046
26	99	6	0.9444	-16.990
32	99	6	0.9696	0.026
83	99	6	0.9843	0.026
87	99	6	0.9756	0.045
99	206	6	0.9647	-0.027
99	208	6	0.9647	-0.046
99	210	6	0.954	16.990
99	216	6	0.9605	0.000
34	139	6	0.8428	-113.084
39	139	6	0.8566	-113.119
90	139	6	0.8458	-113.084
139	231	6	0.8607	40.006
24	87	6	0.978	0.000
32	87	6	0.9685	-0.019
83	87	6	0.978	-0.019
87	206	6	0.9667	0.019
87	208	6	0.9667	-0.000
87	210	6	0.9569	17.036
87	216	6	0.9599	0.046
87	218	6	0.9529	17.072
24	208	6	0.9614	0.000
31	208	6	0.9476	-0.010
32	208	6	0.9601	-0.019
83	208	6	0.9614	-0.020
206	208	6	1.0	-0.019
208	216	6	0.955	0.046
24	206	6	0.9614	0.019
31	206	6	0.9476	0.010
32	206	6	0.9601	-0.000
83	206	6	0.9614	-0.000
206	216	6	0.955	0.027
39	192	6	0.8469	23.940
90	192	6	0.9066	23.975
167	192	6	0.7476	49.979
172	192	6	0.9703	0.000
192	230	6	0.9623	-33.984
26	34	6	0.9443	-25.990
34	39	6	0.9196	0.035
34	90	6	0.9769	0.000
34	172	6	0.8829	23.975
34	230	6	0.9143	-10.010
150	237	6	0.8396	-16.031
237	240	6	0.9574	-0.000
26	103	6	0.9332	-17.986
33	103	6	0.9799	0.037
36	103	6	0.9891	0.043
85	103	6	0.9873	0.037
94	103	6	1.0	0.007
100	103	6	0.9389	-18.023
103	104	6	0.9758	0.012
103	210	6	0.9611	17.986
103	217	6	0.9605	0.012
103	218	6	0.952	18.023
39	172	6	0.823	23.940
90	172	6	0.8832	23.975
167	172	6	0.7604	49.979
172	230	6	0.95	-33.984
26	36	6	0.9301	-18.029
33	36	6	0.981	-0.006
36	85	6	0.9836	0.006
36	94	6	0.9891	0.036
36	100	6	0.9365	18.066
36	104	6	0.9741	0.055
36	210	6	0.9572	18.029
36	217	6	0.9591	0.055
255	256	6	0.8983	-17.027
26	94	6	0.9332	-17.993
33	94	6	0.9799	0.030
85	94	6	0.9873	0.030
94	100	6	0.9389	18.029
94	104	6	0.9758	0.019
94	210	6	0.9611	17.993
94	217	6	0.9605	0.019
94	218	6	0.952	18.029
167	169	6	0.7849	17.027
167	230	6	0.8222	15.995
121	238	6	0.8403	-50.016
230	238	6	0.8186	-57.021
33	85	6	0.974	0.000
33	104	6	0.971	0.049
33	217	6	0.9571	0.049
33	218	6	0.947	18.060
26	30	6	0.9743	0.984
85	100	6	0.936	18.059
85	104	6	0.9746	0.049
85	210	6	0.9549	18.023
85	217	6	0.9626	0.049
85	218	6	0.9448	18.059
24	216	6	0.9479	0.046
32	216	6	0.9614	0.027
83	216	6	0.9479	0.026
169	255	6	0.841	-23.016
31	205	6	0.9137	18.010
100	104	6	0.9302	-18.010
100	210	6	0.9692	-0.036
100	217	6	0.9282	-18.010
100	218	6	0.9627	0.000
104	217	6	0.959	0.000
104	218	6	0.9497	18.010
24	32	6	0.9655	0.019
32	83	6	0.9655	0.000
32	218	6	0.9517	17.053
39	230	6	0.8356	-10.044
90	230	6	0.9114	-10.010
121	240	6	0.7806	-56.063
150	240	6	0.8212	-16.031
121	150	6	0.8158	-40.031
39	90	6	0.906	-0.035
24	218	6	0.9435	17.072
83	218	6	0.9435	17.053
210	218	6	0.9735	0.036
24	210	6	0.9631	17.036
83	210	6	0.9631	17.016
150	231	6	0.9011	-16.031
24	26	6	0.9376	17.036
24	83	6	1.0	0.020
26	31	6	0.9839	-17.026
26	83	6	0.9376	-17.016
26	90	6	0.9403	-25.990
224	225	7	0.9324	0.071
225	228	7	0.9705	-0.071
225	263	7	0.8025	-72.092
132	229	7	0.7674	129.027
153	229	7	0.7569	29.977
164	229	7	0.742	74.004
197	229	7	0.748	41.995
186	189	7	0.8619	-0.018
131	220	7	0.8969	-0.000
132	220	7	0.7713	87.032
189	220	7	0.8871	0.000
197	220	7	0.8716	0.000
110	170	7	0.9306	0.000
110	222	7	0.7647	1.047
97	131	7	0.8413	-42.010
97	153	7	0.8196	-29.993
153	164	7	0.8654	-44.026
224	228	7	0.9323	0.000
228	263	7	0.8067	-72.021
131	189	7	0.8011	-0.000
189	197	7	0.8973	0.000
131	319	7	0.7626	-84.094
132	319	7	0.7531	2.938
197	319	7	0.7849	-84.094
224	263	7	0.746	-72.021
131	197	7	0.8806	-0.000
132	197	7	0.8255	87.032
131	132	7	0.7972	-87.032
132	165	7	0.8317	-1.962
132	263	7	0.7802	-12.037
154	222	7	0.9684	0.000
165	222	7	0.7714	-57.021
170	222	7	0.8245	1.047
165	263	7	0.7987	-10.075
154	165	7	0.7833	57.021
154	170	7	0.811	-1.047
75	161	8	0.8476	1.014
80	161	8	0.9505	0.011
149	161	8	0.9523	-0.212
161	180	8	0.9591	0.212
161	190	8	0.9643	0.221
161	201	8	0.9508	-0.011
161	202	8	0.7966	-1.014
161	204	8	0.8354	-1.008
161	212	8	0.9533	0.212
161	219	8	0.9565	0.212
75	212	8	0.873	1.226
80	212	8	0.9941	0.223
149	212	8	0.9898	-0.000
180	212	8	0.9881	-0.000
190	212	8	0.9915	-0.009
201	212	8	0.9936	0.223
202	212	8	0.8328	1.226
204	212	8	0.8654	1.220
212	219	8	0.9922	0.000
75	201	8	0.8727	1.003
80	201	8	0.9935	0.000
149	201	8	0.9855	-0.223
180	201	8	0.9867	-0.223
190	201	8	0.9901	-0.232
201	202	8	0.8281	-1.003
201	204	8	0.8644	-0.997
201	219	8	0.9892	0.223
75	149	8	0.8815	1.226
80	149	8	0.9871	0.223
149	180	8	0.9862	0.000
149	190	8	0.9906	0.009
149	202	8	0.8474	-1.226
149	204	8	0.869	-1.220
149	219	8	0.9905	-0.000
75	204	8	0.9586	0.006
80	204	8	0.8646	-0.997
180	204	8	0.8774	-1.220
190	204	8	0.8734	-1.229
202	204	8	0.913	0.007
204	219	8	0.8682	1.220
75	180	8	0.8848	1.226
80	180	8	0.9861	0.223
180	190	8	0.9916	0.009
180	202	8	0.8369	-1.226
180	219	8	0.9905	-0.000
75	80	8	0.8697	1.003
75	190	8	0.8815	1.236
75	202	8	0.9263	-0.000
75	219	8	0.8773	1.226
80	190	8	0.9889	0.232
80	202	8	0.8264	-1.003
80	219	8	0.988	0.223
190	202	8	0.8381	-1.236
190	219	8	0.9939	-0.009
202	219	8	0.8309	1.226
387	407	9	0.9139	-28.031
407	484	9	0.7855	-154.136
407	507	9	0.8484	-208.183
378	385	9	0.7728	0.000
378	387	9	0.7223	-28.031
378	395	9	0.726	-2.016
378	400	9	0.9578	-28.031
378	455	9	0.8262	-154.136
378	468	9	0.7437	-156.151
378	471	9	0.8757	-182.167
378	477	9	0.8569	-208.183
378	493	9	0.8244	-210.198
378	500	9	0.8936	-236.214
400	500	9	0.8208	-208.183
455	500	9	0.8065	-82.078
471	500	9	0.8637	-54.047
477	500	9	0.7787	-28.031
493	500	9	0.8367	-26.016
500	507	9	0.8134	-28.031
387	507	9	0.8817	-236.214
484	507	9	0.78	-54.047
350	400	9	0.7204	-82.078
350	468	9	0.701	-210.198
379	387	9	0.7129	-6.049
387	484	9	0.7978	-182.167
373	385	9	0.8088	-26.016
373	395	9	0.8947	-28.031
373	405	9	0.7252	-54.047
385	395	9	0.9002	-2.016
395	400	9	0.7336	-26.016
395	405	9	0.7667	-26.016
395	455	9	0.7109	-152.120
395	468	9	0.7445	-154.136
385	400	9	0.7953	-28.031
400	455	9	0.8133	-126.104
400	468	9	0.7647	-128.120
400	471	9	0.8721	-154.136
400	477	9	0.8656	-180.151
400	493	9	0.8315	-182.167
379	401	9	0.7787	-28.031
385	471	9	0.7243	-182.167
455	471	9	0.8664	-28.031
468	471	9	0.782	-26.016
471	477	9	0.8481	-26.016
471	493	9	0.8141	-28.031
455	468	9	0.8561	-2.016
468	493	9	0.7722	-54.047
455	477	9	0.7419	-54.047
477	493	9	0.788	-2.016
455	493	9	0.8233	-56.063
385	405	9	0.7148	-28.031
385	455	9	0.7074	-154.136
480	515	10	0.7316	-148.037
506	515	10	0.7065	-74.019
480	506	10	0.8055	-74.019
109	485	12	0.9217	-606.486
392	470	12	0.9477	-154.136
453	470	12	0.9617	108.094
457	470	12	0.9476	-2.016
470	476	12	0.9564	-110.109
470	483	12	0.9495	-52.031
470	497	12	0.9601	-28.031
470	504	12	0.9525	-80.063
330	371	12	0.9379	-56.063
330	392	12	0.9554	-84.094
353	392	12	0.9554	-56.063
380	392	12	0.9591	-2.015
392	403	12	0.9669	-26.016
109	460	12	0.9483	-574.496
330	361	12	0.9357	-54.047
380	483	12	0.9617	-208.182
403	483	12	0.9633	-180.151
453	483	12	0.9628	56.063
460	483	12	0.9593	56.063
474	483	12	0.9776	-26.015
476	483	12	0.9668	58.078
483	497	12	0.9602	24.000
483	503	12	0.9782	-2.016
483	504	12	0.9745	-28.032
330	353	12	0.9668	-28.031
353	380	12	0.9641	-54.047
353	403	12	0.9659	-82.079
353	497	12	0.9481	-238.230
433	460	12	0.9538	-0.000
460	474	12	0.9641	82.078
460	476	12	0.9597	-2.015
460	503	12	0.9632	54.047
460	504	12	0.9529	28.031
380	476	12	0.9583	-266.260
403	476	12	0.96	-238.229
433	476	12	0.9582	-2.015
453	476	12	0.9638	-2.015
474	476	12	0.9698	-84.093
476	503	12	0.9704	56.062
476	504	12	0.9699	30.046
380	504	12	0.9781	-236.214
403	504	12	0.9613	-208.182
453	504	12	0.965	28.031
474	504	12	0.9899	-54.047
497	504	12	0.9589	-52.031
503	504	12	0.9834	-26.016
330	380	12	0.9507	-82.079
330	403	12	0.9601	-110.110
380	403	12	0.9681	-28.031
380	474	12	0.9785	-182.167
380	497	12	0.95	-184.183
380	503	12	0.9736	-210.198
453	457	12	0.9483	110.109
453	474	12	0.9608	82.078
453	497	12	0.9574	80.062
453	503	12	0.9591	54.047
403	474	12	0.9612	-154.135
457	474	12	0.9532	-28.031
474	497	12	0.9584	-2.016
474	503	12	0.9898	-28.031
403	497	12	0.9572	-156.151
403	503	12	0.9655	-182.167
457	503	12	0.9522	-56.062
497	503	12	0.9544	-26.015
434	466	13	0.7764	-114.105
441	466	13	0.7536	-114.105
434	438	13	0.7233	32.953
438	487	13	0.8775	-56.063
423	441	13	0.7485	62.089
434	441	13	0.8698	0.000
435	441	13	0.7599	144.079
441	458	13	0.7719	-96.094
441	467	13	0.7631	-62.089
441	487	13	0.7242	-23.110
434	487	13	0.7288	-23.110
458	520	13	0.7729	-148.192
423	467	13	0.8878	0.000
434	467	13	0.7293	-62.089
458	463	13	0.728	36.021
423	434	13	0.7548	62.089
434	435	13	0.794	-144.079
434	458	13	0.7512	-96.094
23	82	14	0.9841	-0.000
81	82	14	0.8884	0.034
82	105	14	0.8994	-17.980
23	81	14	0.9112	-0.034
23	105	14	0.888	-17.980
120	144	15	0.9184	0.000
144	183	15	0.9196	-0.000
144	511	15	0.8695	-1.008
144	513	15	0.9051	-1.008
144	516	15	0.8802	-1.008
144	517	15	0.798	-54.034
144	524	15	0.8679	-1.008
144	527	15	0.8786	-1.008
120	183	15	0.9399	-0.000
120	490	15	0.7456	-31.042
120	496	15	0.7649	-31.042
120	511	15	0.8499	-1.008
120	513	15	0.8715	-1.008
120	516	15	0.8922	-1.008
120	517	15	0.7905	-54.034
120	524	15	0.8535	-1.008
120	527	15	0.8743	-1.008
59	514	15	0.7408	-30.189
355	488	15	0.7677	171.187
488	491	15	0.9226	0.000
488	509	15	0.8439	0.000
488	519	15	0.8545	0.000
488	523	15	0.7891	-9.948
16	19	15	0.7935	-202.912
17	19	15	0.841	-129.958
18	19	15	0.8782	-113.980
19	29	15	0.7409	225.928
19	38	15	0.7635	175.951
490	492	15	0.9261	0.000
492	494	15	0.7746	2.016
492	496	15	0.9411	0.000
492	510	15	0.9304	0.000
492	512	15	0.9271	0.000
492	514	15	0.9243	0.000
492	517	15	0.7877	-22.992
492	518	15	0.9239	0.000
495	509	15	0.8415	0.000
495	519	15	0.8601	0.000
495	523	15	0.768	-9.948
355	519	15	0.781	171.187
491	519	15	0.8829	0.000
509	519	15	0.8467	0.000
519	523	15	0.835	-9.948
490	514	15	0.9415	0.000
494	514	15	0.8055	-2.016
496	514	15	0.9495	0.000
510	514	15	0.9339	0.000
512	514	15	0.9285	0.000
514	518	15	0.9404	0.000
183	496	15	0.7733	-31.042
490	496	15	0.9459	0.000
494	496	15	0.8103	-2.016
496	510	15	0.9529	0.000
496	512	15	0.9476	0.000
496	517	15	0.8001	-22.992
496	518	15	0.9497	0.000
4	5	15	0.7774	41.026
5	8	15	0.7857	-23.016
7	10	15	0.8305	72.954
10	28	15	0.9484	-41.026
10	524	15	0.7657	2.907
183	511	15	0.8437	-1.008
511	513	15	0.8903	0.000
511	516	15	0.881	0.000
511	524	15	0.8503	0.000
511	527	15	0.8247	0.000
16	17	15	0.9327	-72.954
17	18	15	0.9697	-15.978
17	21	15	0.7873	113.980
17	29	15	0.88	95.970
17	38	15	0.7778	45.993
4	16	15	0.7416	-13.945
6	16	15	0.8542	-15.977
16	18	15	0.9348	-88.931
16	21	15	0.8543	41.026
16	29	15	0.9052	23.016
16	38	15	0.818	-26.961
183	518	15	0.746	-31.042
490	518	15	0.9081	0.000
494	518	15	0.7666	-2.016
510	518	15	0.937	0.000
512	518	15	0.9276	0.000
517	518	15	0.7702	22.992
18	38	15	0.8382	61.970
29	38	15	0.82	-49.977
490	512	15	0.934	0.000
494	512	15	0.808	-2.016
510	512	15	0.9383	0.000
512	517	15	0.7654	-22.992
490	510	15	0.9221	0.000
494	510	15	0.794	-2.016
510	517	15	0.7719	-22.992
2	6	15	0.849	-23.016
4	6	15	0.7433	2.033
6	7	15	0.8134	41.027
4	41	15	0.7498	89.053
9	41	15	0.9528	-1.912
13	41	15	0.8192	-0.997
18	21	15	0.8011	129.958
18	29	15	0.8776	111.947
2	7	15	0.8051	18.010
3	8	15	0.749	41.027
4	8	15	0.8243	18.011
4	9	15	0.7697	90.964
183	517	15	0.7996	-54.034
490	517	15	0.7788	-22.992
517	524	15	0.7853	53.026
9	13	15	0.7701	-0.915
478	491	15	0.8943	0.000
478	509	15	0.8548	0.000
478	523	15	0.8386	-9.948
7	21	15	0.7869	-15.977
21	29	15	0.8501	-18.011
494	525	15	0.8484	-9.985
525	526	15	0.9283	0.000
183	513	15	0.8805	-1.008
513	516	15	0.9174	0.000
513	524	15	0.8898	0.000
513	527	15	0.8882	0.000
183	524	15	0.8262	-1.008
516	524	15	0.9253	0.000
524	527	15	0.9213	0.000
491	523	15	0.7995	-9.948
494	523	15	0.7996	13.031
509	523	15	0.7759	-9.948
491	509	15	0.8702	0.000
490	494	15	0.8098	2.016
494	526	15	0.8355	-9.985
7	28	15	0.7772	31.927
183	490	15	0.7686	-31.042
183	516	15	0.8905	-1.008
516	527	15	0.9082	0.000
68	355	15	0.8629	-86.231
25	143	16	0.8865	0.038
117	143	16	0.9598	0.000
126	143	16	0.9471	0.502
143	152	16	0.9705	0.028
143	203	16	0.9611	-0.038
25	117	16	0.919	0.038
25	126	16	0.8902	-0.464
25	152	16	0.8902	0.065
25	203	16	0.9172	-0.000
117	152	16	0.9616	0.028
126	152	16	0.963	0.529
152	203	16	0.9714	-0.065
117	126	16	0.9638	-0.502
117	203	16	0.974	-0.038
126	203	16	0.9655	0.464
111	411	17	0.8199	-266.261
193	411	17	0.7986	-266.261
374	411	17	0.9216	-56.063
389	411	17	0.9066	-30.047
397	411	17	0.9176	-28.031
406	411	17	0.8938	-2.016
374	406	17	0.861	-54.047
389	406	17	0.9259	-28.031
397	406	17	0.9026	-26.016
374	389	17	0.9301	-26.016
389	397	17	0.9482	-2.016
86	111	17	0.826	37.956
111	193	17	0.9682	-0.000
111	374	17	0.8269	-210.198
111	388	17	0.785	-258.196
111	396	17	0.8075	-260.212
111	397	17	0.8306	-238.230
86	193	17	0.8068	37.956
193	374	17	0.8232	-210.198
193	388	17	0.7722	-258.196
193	396	17	0.7836	-260.211
193	397	17	0.8108	-238.229
86	396	17	0.9061	-222.256
388	396	17	0.922	-2.016
86	388	17	0.8764	-220.240
374	397	17	0.9205	-28.031
244	266	18	0.9334	-88.052
260	266	18	0.9558	-44.026
265	266	18	0.8965	-17.027
266	268	18	0.7872	74.037
266	270	18	0.9518	-44.026
266	271	18	0.7952	30.011
266	273	18	0.9257	-88.052
266	282	18	0.9051	-132.079
266	289	18	0.8705	-176.105
266	422	18	0.8369	-182.203
69	74	18	0.8784	16.045
73	74	18	0.888	15.974
74	316	18	0.776	30.943
243	246	18	0.7846	1.003
243	262	18	0.8566	-43.023
14	316	18	0.8034	0.893
244	246	18	0.8693	17.027
244	247	18	0.9045	-28.031
244	260	18	0.9446	-44.026
244	262	18	0.8349	-26.999
244	265	18	0.8305	-71.026
244	270	18	0.9366	-132.078
244	273	18	0.9139	-176.105
244	289	18	0.8276	-264.157
260	424	18	0.8771	-182.203
422	424	18	0.8041	44.026
424	425	18	0.8674	44.026
270	421	18	0.7876	-182.204
421	422	18	0.7857	44.026
267	271	18	0.8015	-61.053
268	271	18	0.8831	-44.026
270	271	18	0.7702	74.037
262	267	18	0.7979	30.011
265	267	18	0.7834	74.037
267	268	18	0.8413	-17.027
260	273	18	0.9011	-132.079
270	273	18	0.9261	-44.026
273	282	18	0.8677	-44.026
273	289	18	0.8243	-88.053
247	261	18	0.9235	-44.026
260	261	18	0.9183	-28.031
261	262	18	0.78	45.058
260	262	18	0.8794	17.027
260	265	18	0.8192	-27.000
260	270	18	0.934	-88.052
260	282	18	0.8876	-176.105
260	289	18	0.8628	-220.131
316	336	18	0.9392	-14.016
336	340	18	0.9633	0.000
246	247	18	0.7754	-45.058
247	425	18	0.8309	-154.172
316	340	18	0.9434	-14.016
246	289	18	0.7793	-281.184
262	289	18	0.7962	-237.158
265	289	18	0.8211	-193.132
270	289	18	0.8365	-132.079
282	289	18	0.8734	-44.026
265	422	18	0.7816	-199.230
422	425	18	0.7804	88.052
246	318	18	0.8399	-15.974
316	318	18	0.9352	-62.037
69	316	18	0.8163	46.988
262	310	18	0.7853	76.016
310	311	18	0.8147	-44.026
270	282	18	0.8636	-88.052
246	265	18	0.9525	-88.052
262	265	18	0.9508	-44.026
265	282	18	0.7731	-149.105
265	311	18	0.7647	76.016
246	262	18	0.9555	-44.026
73	316	18	0.818	46.918
122	127	19	0.8004	-180.064
107	185	20	0.954	-0.000
185	187	20	0.866	43.990
185	199	20	0.934	0.000
107	199	20	0.9425	-0.000
187	199	20	0.8804	-43.990
107	187	20	0.8938	43.990
454	482	22	0.7728	56.063
461	482	22	0.7928	56.063
472	482	22	0.7442	-26.016
482	505	22	0.764	-28.031
456	469	22	0.7231	-2.016
469	472	22	0.7028	-26.016
381	505	22	0.7118	-236.214
404	505	22	0.7594	-208.182
454	505	22	0.803	28.032
461	505	22	0.811	28.032
472	505	22	0.7933	-54.047
381	404	22	0.9367	-28.031
381	454	22	0.7239	-264.245
381	456	22	0.7334	-154.136
381	461	22	0.7421	-264.246
381	472	22	0.8564	-182.167
404	456	22	0.7737	-126.104
456	461	22	0.709	-110.110
456	472	22	0.7953	-28.031
404	461	22	0.7863	-236.214
454	461	22	0.8153	-0.000
461	472	22	0.8081	82.078
404	454	22	0.7571	-236.214
454	472	22	0.8011	82.078
404	472	22	0.8821	-154.136
416	418	23	0.9512	74.073
420	479	24	0.8436	0.000
447	479	24	0.7002	74.019
420	447	24	0.7266	-74.019
40	70	26	0.9087	0.069
124	182	27	0.9942	-0.000
145	182	27	0.9932	-0.000
182	277	27	0.76	-1.965
182	383	27	0.923	-0.068
124	383	27	0.9162	-0.068
145	383	27	0.9188	-0.068
277	383	27	0.8009	1.898
124	145	27	0.992	-0.000
145	277	27	0.7565	-1.966
124	277	27	0.7557	-1.966
98	106	28	0.7591	15.977
235	236	29	0.7573	-45.058
333	334	31	0.8467	-18.011
108	386	32	0.7268	-283.264
125	386	32	0.7136	-356.125
188	386	32	0.7261	-356.125
213	386	32	0.7272	-356.125
386	390	32	0.7452	21.982
125	188	32	0.8095	-0.000
188	213	32	0.8349	0.000
188	248	32	0.7832	0.048
125	213	32	0.7704	0.000
213	248	32	0.7968	0.048
89	382	33	0.8489	0.000
89	398	33	0.7443	0.000
369	402	34	0.9038	-14.016
521	528	38	0.7315	-28.031
427	428	39	0.8582	17.027
428	429	39	0.7733	-45.058
427	429	39	0.8862	-28.031
451	459	40	0.9284	-0.000
339	346	41	0.845	-44.026
339	354	41	0.9655	-28.031
344	356	41	0.9582	-28.031
346	354	41	0.8598	15.995
346	356	41	0.8167	18.011
356	367	41	0.8193	15.995
445	465	44	0.745	-2.016
264	283	45	0.8348	-42.011
137	138	49	0.8357	-0.897
160	171	57	0.9303	-0.054
95	101	59	0.9859	-0.141
296	306	61	0.8386	139.136
71	72	67	0.7948	-15.977
284	285	72	0.7703	-130.063
384	394	76	0.7835	-2.016
