cluster index	parent mass	RTMean	ATTRIBUTE_group:GNPSGROUP:nan	ATTRIBUTE_group:GNPSGROUP:A	ATTRIBUTE_group:GNPSGROUP:B	ATTRIBUTE_group:GNPSGROUP:C	ATTRIBUTE_group:GNPSGROUP:D
1	60.08106653684386	1.3758167		0.0	0.0	0.0	19067.68
2	87.044518192311	1.3758167		0.0	0.0	0.0	364159.7
3	146.11805988635302	1.376075		0.0	0.0	15143.0645	1049916.375
4	752.5190807999918	1.3763334		0.0	0.0	0.0	13416.65325
5	244.26394202578263	1.3764917		23545.9325	0.0	14338.6085	0.0
6	246.2431300359808	1.4046167		43744.490000000005	17171.1375	0.0	0.0
7	123.0554525265666	1.4146345		98284.726	72657.9225	79121.63249999999	78794.54400000001
8	230.248254176934	1.4188		62097.2025	0.0	0.0	25630.209
9	272.2588538939157	1.4247203		64528.3475	22068.2225	34680.682499999995	55887.4365
10	304.28530506403064	1.4402077		145510.6575	102932.25275	86700.99675	156356.359
11	134.04494599588105	1.4981667		0.0	30141.99	0.0	0.0
12	316.21223589243704	1.499689		40215.4795	63147.125	0.0	0.0
13	253.1285391729079	1.5191833		22360.525	0.0	0.0	0.0
14	227.1759367810385	1.5551667		0.0	0.0	0.0	30746.522
15	214.1442780258884	1.5766667		0.0	0.0	0.0	35325.265
16	254.1372882110862	1.5766667		0.0	0.0	0.0	13038.96575
17	290.26963975914634	1.5791583		166957.475	0.0	0.0	18381.215
18	139.0503865249716	1.5979083		0.0	33860.7775	15674.30175	65664.22
19	121.03985133313608	1.5979209		86634.03625	217576.1225	158021.465	289654.453
20	93.04508184480692	1.6080667		0.0	0.0	0.0	12648.805
21	202.21697164640852	1.6114666		65388.4	0.0	0.0	0.0
22	786.6011987014069	1.625515		47032.193	14716.59575	122852.95124999998	80051.1875
23	132.1022562672305	1.6296176		115099.0125	68075.97575	101593.68900000001	176799.34749999997
24	218.21189698254668	1.653119		96894.0375	42715.21875	22330.0215	25437.1005
25	784.585975645923	1.65732		17647.8025	0.0	56920.6985	15792.51175
26	761.5880671441289	1.6964215		134822.12	76240.738	172016.355	95890.115
27	760.5835747663218	1.6966531		292395.5525	172974.24500000002	392516.02499999997	271718.6225
28	758.5702894044299	1.699024		396192.14999999997	301631.1725	792199.5875	614420.8099999999
29	359.21812992461594	1.7023749		0.0	31655.228000000003	0.0	0.0
30	76.07592002135213	1.7049834		12582.36125	0.0	0.0	0.0
31	188.1283332321951	1.7049834		19321.6925	0.0	0.0	0.0
32	206.1390948621238	1.7052166		275316.02	66496.27500000001	162775.22999999998	55421.9685
33	146.06046091040704	1.7243556		0.0	0.0	0.0	78603.234
34	296.1490101586171	1.7381667		0.0	0.0	0.0	20785.9525
35	733.5570496295969	1.7474406		171194.5775	117670.63	308087.3125	243343.36
36	732.5530026715775	1.749699		376155.88999999996	260225.05	698581.0375	565436.8925
37	730.5392627210827	1.7614188		411750.5125	320004.1875	942246.0599999999	899679.96
38	262.23843948299714	1.7715833		238446.45	0.0	0.0	0.0
39	344.2428694776842	1.7926333		0.0	14227.835	0.0	0.0
40	704.5237457012136	1.7994916		150114.23125	137191.1375	381977.1725	377545.2875
41	130.05040667581736	1.80545		0.0	0.0	0.0	13381.61
42	273.181741981995	1.80545		0.0	0.0	0.0	43854.38
43	124.039693643905	1.8077862		333039.56	332174.4325	282026.1775	167723.72
44	135.0810441588378	1.8220167		0.0	0.0	0.0	16971.94
45	319.2847592585071	1.8243792		21770.425	12812.8955	15757.6095	16219.2335
46	512.4161826291693	1.8301333		13612.07625	0.0	0.0	0.0
47	165.0763115335984	1.8316833		0.0	0.0	0.0	12866.55575
48	321.1309984117396	1.8316833		0.0	0.0	0.0	13795.21675
49	468.39015589189904	1.8326555		21279.63875	0.0	17178.9175	14553.54875
50	380.3370961412746	1.833925		22366.9475	12767.705	17677.265	18223.685
51	361.1975176936826	1.8344333		0.0	0.0	0.0	25714.82
52	363.310596640566	1.8358778		20363.985	0.0	16269.30175	16856.4175
53	678.5062096190941	1.8364416		0.0	0.0	17298.945	23850.1875
54	174.185733870921	1.83795		154865.25	0.0	0.0	0.0
55	676.491000013928	1.8411916		0.0	0.0	17720.73625	23654.005
56	424.363466131941	1.8414066		24657.2375	27133.71	21021.7825	18988.1835
57	240.1594781508243	1.8499833		0.0	15992.76	0.0	0.0
58	282.20653047458245	1.8764833		0.0	32555.9335	0.0	0.0
59	300.2169750624489	1.8764833		0.0	32712.7175	0.0	0.0
60	288.25386595257123	1.8835		15421.6275	0.0	0.0	0.0
61	158.08186302100395	1.8862792		21109.9125	22170.235	13505.79	14443.39
62	246.13421076868363	1.8906		0.0	0.0	0.0	18672.965
63	296.18593864998263	1.90555		0.0	13451.791	0.0	0.0
64	247.10760881107544	1.9065334		0.0	0.0	0.0	13282.416
65	344.2071795577813	1.9099833		0.0	0.0	0.0	36065.3275
66	196.09701523978	1.9279084		12819.3775	0.0	15060.9175	115306.32600000002
67	154.0866852906468	1.9292333		0.0	0.0	0.0	18563.496
68	137.06031643932968	1.9292834		0.0	0.0	0.0	49061.343
69	178.08657282494903	1.9322916		0.0	0.0	0.0	59788.471000000005
70	136.0761951135175	1.9329532		34826.79	0.0	0.0	143029.83625
71	298.20138078424503	1.9345334		0.0	15760.97	0.0	0.0
72	342.20256317080646	1.9389833		0.0	0.0	0.0	13581.51375
73	457.26579716027857	1.9389833		0.0	0.0	0.0	20644.73
74	234.2068484566263	1.9407		635233.3	0.0	0.0	0.0
75	347.18142552533834	1.9468167		0.0	0.0	0.0	45923.945
76	324.2171559241083	1.9537333		0.0	13256.25875	0.0	0.0
77	317.1713678828923	1.9583666		0.0	0.0	0.0	24908.7275
78	232.06045522294045	1.98285		0.0	12699.24125	0.0	0.0
79	200.1285468533944	1.9955444		0.0	0.0	0.0	190922.89500000002
80	76.03962517480072	1.9971334		0.0	0.0	0.0	13657.005
81	125.09650349626234	1.9971334		0.0	0.0	0.0	18242.3125
82	106.08660968524237	1.9978334		18111.334	0.0	0.0	0.0
83	116.07083159052912	1.9978334		13676.1375	0.0	0.0	0.0
84	134.08150263041347	1.9978334		13170.7475	0.0	0.0	0.0
85	326.23264399749803	2.0018334		0.0	70182.675	0.0	0.0
86	344.2430013936154	2.0018334		0.0	34270.5125	0.0	0.0
87	362.2539928571114	2.0018334		0.0	30788.92375	0.0	0.0
88	192.0656412515659	2.0028667		0.0	0.0	0.0	18022.8575
89	387.15525075405344	2.0048084		0.0	0.0	0.0	75743.44
90	260.2221586952378	2.0164833		18417.275	0.0	0.0	0.0
91	732.5556970747575	2.0165		0.0	24415.39	0.0	0.0
92	90.05521008709772	2.018329		399016.78750000003	96004.4825	107648.842	133726.45
93	116.03449897275075	2.0183501		77879.51875	0.0	0.0	0.0
94	184.09718631614984	2.0187883		318095.93	80432.11750000001	74330.57750000001	105712.375
95	220.11823245132572	2.019277		3713511.1500000004	885521.6024999999	975924.3875	1289062.8900000001
96	202.10778343964	2.019571		658789.7350000001	166219.20500000002	183418.91999999998	224933.1825
97	603.5349781700382	2.03349		0.0	0.0	57869.474	18487.72
98	136.06207237499817	2.0349777		0.0	0.0	31633.6385	70049.83249999999
99	298.09695889883494	2.0365114		144233.0625	162790.35499999998	239600.6175	302641.66250000003
100	747.5674838724004	2.03699		12581.621	0.0	42162.66	15798.49425
101	744.5543791432137	2.0382426		738601.115	599131.39	1077521.7875	818221.525
102	730.5414771415791	2.0442166		0.0	27081.9875	0.0	0.0
103	179.07006515178475	2.0631332		0.0	0.0	0.0	18023.96
104	308.22228181738666	2.0664666		0.0	16006.626	0.0	0.0
105	326.2327316632817	2.0664666		0.0	81534.345	0.0	0.0
106	344.2430390578545	2.0664666		0.0	30274.7975	0.0	0.0
107	719.5418042225544	2.0682335		450304.97	0.0	0.0	0.0
108	718.5384049351953	2.0693989		2071007.9999999998	1444865.7750000001	2341963.175	1662356.9500000002
109	577.51894210004	2.0699718		133069.975	92471.48624999999	151093.7485	108917.18100000001
110	721.5483965480781	2.0701		26248.591	0.0	43846.437	15089.56925
111	716.5239110677255	2.0716376		1687442.875	1048521.7999999999	1677852.25	1144135.94
112	362.25389890777626	2.0754833		0.0	39047.025	0.0	0.0
113	704.5237672132997	2.0849583		113730.61000000002	72163.275	0.0	0.0
114	690.5077960122247	2.0990622		3619612.925	3189189.075	3924827.8	3567251.275
115	693.5166997656577	2.0992599		94614.8235	81128.43000000001	102097.2325	80218.3565
116	549.488001553566	2.0996196		255261.2825	218044.5975	276828.9025	251711.29249999998
117	130.05041317326064	2.10935		0.0	0.0	0.0	21747.0125
118	245.1499842440704	2.10935		0.0	0.0	0.0	46396.09
119	676.4915655924491	2.1134667		45740.293000000005	40175.231	0.0	0.0
120	521.4573060916389	2.1282556		0.0	0.0	13109.1275	42150.070999999996
121	662.4761483989683	2.1300468		408780.8125	415827.8125	538662.215	713540.71
122	119.01636168230569	2.180425		0.0	0.0	0.0	72839.6415
123	137.02693881109082	2.180425		0.0	0.0	0.0	44549.8675
124	224.0918956064511	2.1825		0.0	0.0	0.0	12752.055
125	597.520522582681	2.2004666		0.0	29774.5475	67531.11499999999	12519.25675
126	296.0992423893651	2.20475		0.0	0.0	12922.53425	0.0
127	302.3058728432508	2.2228222		0.0	44985.4575	13728.38175	25640.055
128	370.1494153636745	2.2282166		26101.055	0.0	0.0	0.0
129	240.23268413977985	2.2326324		150011.06	129675.03	156236.16475	140820.7725
130	343.29596768589903	2.2326357		250264.8325	219547.14750000002	265820.1925	236767.205
131	232.19118808397704	2.24565		35546.5675	0.0	0.0	0.0
132	262.1662379906944	2.2591667		0.0	0.0	0.0	14669.413
133	244.154804766629	2.2647612		0.0	0.0	0.0	86843.15974999999
134	420.3226174153508	2.2655833		0.0	0.0	20321.07	0.0
135	274.274698896834	2.2892666		0.0	0.0	0.0	14458.8125
136	180.08825036019462	2.2899156		91149.78624999999	86304.025	61743.10725	84539.14749999999
137	130.05031376847668	2.2934334		0.0	0.0	0.0	115771.85250000001
138	214.10783512411763	2.2934334		0.0	0.0	0.0	71830.22
139	231.1346103824974	2.2937708		0.0	0.0	0.0	332122.45875
140	253.11654624616563	2.2937708		0.0	0.0	0.0	144994.88
141	575.5040109581392	2.3161466		0.0	0.0	76287.44499999999	17544.37
142	345.2754380267918	2.31655		0.0	0.0	0.0	20803.2575
143	272.0955215505232	2.3261833		0.0	0.0	0.0	17524.95125
144	577.5185239731248	2.32795		0.0	0.0	43032.567749999995	16369.246
145	453.34386337533607	2.3352165		0.0	0.0	0.0	77068.14
146	392.2910232421889	2.3378315		68477.025	0.0	43830.51775	54606.4925
147	549.4877426176243	2.339239		0.0	0.0	33057.52625	20689.0275
148	226.2169092628754	2.3409572		186223.5835	50255.5775	166939.27425000002	131786.8025
149	244.2275818312584	2.34165		0.0	0.0	14020.36825	0.0
150	252.23260264810955	2.3417		14503.84	0.0	0.0	12766.21575
151	334.22271194225925	2.3458333		0.0	0.0	14422.35	0.0
152	425.19247167880894	2.3649166		0.0	0.0	0.0	15532.2525
153	116.07087604190828	2.3800416		0.0	0.0	0.0	38928.05275
154	195.07663077573764	2.3800416		0.0	0.0	0.0	56794.52875
155	366.2753114219045	2.3942978		47380.555	0.0	36355.6075	44889.822
156	298.2018303303602	2.4109166		0.0	16999.54	0.0	0.0
157	522.3558923076579	2.4203908		450007.95499999996	343566.3775	746872.71	562780.9974999999
158	364.2600511175512	2.4216633		65727.715	278269.95	0.0	31934.9675
159	224.20127579661167	2.446779		106941.561	0.0	37837.085	66114.96125
160	162.05525597807596	2.4476833		0.0	0.0	0.0	146007.7025
161	478.1550424359504	2.45555		0.0	0.0	0.0	12642.2255
162	193.05006006025897	2.4718		0.0	0.0	0.0	67710.5675
163	218.13899788611	2.4786956		0.0	0.0	143218.1825	36882.2425
164	520.3404049688696	2.4889998		117925.02	45963.8835	112176.9	36216.825
165	613.5154700801615	2.4897332		0.0	13360.61325	22935.55	0.0
166	523.3590362286142	2.49355		39612.34	0.0	0.0	0.0
167	202.10789987028892	2.4978833		0.0	0.0	0.0	19986.25
168	251.1030029980864	2.5075333		0.0	0.0	0.0	18388.2575
169	413.3486069935388	2.5097167		0.0	0.0	12727.3085	0.0
170	339.24712715944634	2.5167665		0.0	57058.95	0.0	0.0
171	338.24449212552184	2.5172043		57479.259000000005	244585.15	0.0	0.0
172	483.111652597197	2.5231166		0.0	0.0	0.0	13759.86325
173	265.1185704572172	2.5250168		0.0	0.0	0.0	32062.90575
174	411.3336190918018	2.5252419		29437.355499999998	0.0	21176.621	20154.205
175	197.0921679742472	2.5254002		16330.15925	18094.2325	0.0	0.0
176	478.1556452386672	2.5298417		0.0	0.0	0.0	49516.335999999996
177	494.32485591802856	2.5300875		386182.1475	354718.4275	792340.2949999999	606235.9275000001
178	443.1187093618849	2.5301611		0.0	0.0	0.0	83819.7505
179	689.5589588277625	2.5337596		182550.35749999998	164779.09	334619.5925	189156.0975
180	247.07930005594483	2.5355625		29946.96775	0.0	0.0	54771.9475
181	497.343363562108	2.5394683		78442.16125	0.0	128707.1075	74602.8575
182	496.3389587325058	2.5396981		262828.8825	93013.30374999999	441198.57	300145.975
183	336.2291236545653	2.5545332		0.0	89661.61	0.0	0.0
184	662.5319932933614	2.56195		0.0	96084.56599999999	0.0	0.0
185	661.5284574158622	2.5634968		313077.9275	219601.8775	468404.47500000003	326792.17625
186	121.0397711514983	2.57792		0.0	27634.791	14287.9335	34187.2465
187	139.05056192122407	2.5783281		189745.8175	318069.47750000004	235982.0625	385557.6125
188	385.3174709275464	2.5804834		29836.40325	0.0	15088.3125	0.0
189	324.22909471441915	2.6017666		0.0	12685.2425	0.0	0.0
190	633.4966977291035	2.6043148		45564.2865	0.0	66092.53975	57387.97
191	383.30227298825474	2.606875		32962.801	0.0	0.0	0.0
192	659.5130456509684	2.6081488		116803.7745	85616.2325	136323.5825	100528.3445
193	230.13911484763307	2.6136944		0.0	0.0	0.0	122831.455
194	106.05015541542662	2.6138833		0.0	0.0	0.0	24753.42
195	248.1496347265092	2.6138833		0.0	0.0	0.0	14546.9925
196	468.3086877549692	2.621926		26353.4825	0.0	139693.5515	85707.4725
197	631.481403822254	2.6391041		15559.93	0.0	13669.5225	30570.416250000002
198	239.10055235658857	2.6412458		0.0	0.0	0.0	150721.1325
199	200.09206391616868	2.6483917		0.0	0.0	0.0	96254.82475
200	217.1184100308352	2.6494224		0.0	0.0	35792.838	253011.885
201	130.05025610139506	2.6495366		0.0	0.0	18401.765	206205.071
202	84.04465555446754	2.6596334		0.0	0.0	0.0	18142.2625
203	137.04606303385032	2.678146		92689.72525000002	83618.79000000001	61708.3725	99926.48874999999
204	357.28647022894944	2.6819832		24063.6835	0.0	0.0	0.0
205	121.0286500910214	2.6882446		25235.99	0.0	21839.755	25799.13875
206	310.2134287357433	2.7050166		0.0	28236.3085	0.0	0.0
207	310.14814177791544	2.7075002		44993.4725	32579.834	38287.525	0.0
208	293.1216492689883	2.7080362		70452.1325	93504.275	184986.99250000002	0.0
209	380.151823663666	2.7080362		23899.9875	39603.2475	61497.36	0.0
210	227.0707158876572	2.7083068		18297.2225	28942.1475	30771.513249999996	0.0
211	301.1076763553443	2.7085366		36265.7425	27894.49	93614.0875	0.0
212	336.14495278850984	2.7085552		97991.9125	150110.5075	169726.0225	96681.1725
213	236.11152722936188	2.7085834		15155.545	0.0	0.0	0.0
214	379.1549779934392	2.7096307		21795.5525	37624.494999999995	56196.241500000004	0.0
215	339.28990989550084	2.7142835		0.0	0.0	15978.295	15113.22375
216	160.13366245972747	2.719792		0.0	0.0	85932.359	0.0
217	192.15978033274789	2.7249799		34901.075	70710.75875000001	135207.485	159386.03
218	386.14475058593285	2.7279358		140762.24599999998	42250.396	13809.62	0.0
219	344.254334986537	2.7327166		0.0	0.0	0.0	18773.98625
220	493.2816893115751	2.7713332		0.0	17034.3775	0.0	0.0
221	480.3086275862751	2.7792156		179249.625	89455.22750000001	217113.9675	131126.19
222	152.07079681083317	2.7807333		0.0	0.0	0.0	28009.8965
223	194.0811207418994	2.7807333		0.0	0.0	0.0	17879.79875
224	181.06111563507784	2.7888057		30413.2285	0.0	13122.54	49217.5
225	311.2587542717304	2.7925		0.0	0.0	14141.38175	0.0
226	245.1863780943737	2.8209999		17617.7175	0.0	0.0	41445.73375
227	452.27768785621646	2.8256571		72581.8775	68953.489	128853.58	84286.69625000001
228	436.2829699282957	2.8491433		0.0	0.0	50914.13125	38006.8875
229	454.2932965912897	2.8509643		353622.31	91086.726	548167.8375	400527.981
230	455.2968724606498	2.8509667		17084.6125	0.0	74338.02	0.0
231	907.5784089645553	2.85475		0.0	0.0	42265.54175	27649.1625
232	115.05045872765622	2.8649333		0.0	0.0	14493.4075	0.0
233	136.06217208010517	2.8734953		0.0	84002.16500000001	30443.519500000002	72754.54250000001
234	285.09724501280954	2.900375		0.0	0.0	0.0	46322.600000000006
235	482.1873785575609	2.9019125		0.0	0.0	0.0	184465.33625
236	313.15510259606515	2.9054418		27824.72625	0.0	0.0	0.0
237	486.2548219914122	2.9164667		0.0	0.0	0.0	16291.7875
238	426.2619706900024	2.9343584		0.0	0.0	35525.1285	41785.498
239	104.10737904604542	2.9409032		2537913.1	1641751.45	2387919.975	3981787.55
240	289.17517147700084	2.9452581		0.0	0.0	0.0	101296.26999999999
241	60.08106630657864	2.94575		0.0	0.0	0.0	56786.55725
242	111.05558873645296	2.9477		0.0	13108.69925	0.0	0.0
243	271.1655757463224	2.9496613		0.0	0.0	0.0	102260.11249999999
244	311.1580556196897	2.9589		0.0	0.0	0.0	40284.995
245	137.0462600472958	2.9682038		475591.83749999997	659043.7975000001	197514.735	174801.8175
246	294.1010705351293	2.9769835		0.0	0.0	16380.40125	13029.8545
247	268.1046078590501	2.981703		382999.43000000005	475773.05500000005	725521.6699999999	803851.03
248	312.1114691561032	2.9819832		0.0	14004.885	26760.54	33323.2935
249	136.0620908526033	2.983473		115432.885	136387.14025	213844.0925	230831.04499999998
250	85.02870938804126	2.9871833		0.0	14450.86325	82803.8575	87310.275
251	145.04977316280622	2.9892519		0.0	30388.627	94452.60999999999	99685.89
252	204.1231615419236	2.990421		0.0	649772.2625	2007981.15	1864230.3
253	408.2493837574213	3.0017333		12626.19625	0.0	0.0	0.0
254	282.18169759134327	3.0081334		0.0	0.0	0.0	60250.7375
255	720.5205322249632	3.0256333		0.0	0.0	13475.083	0.0
256	267.08031149044683	3.04045		15005.42375	0.0	0.0	0.0
257	279.1703750124419	3.041353		68836.435	0.0	14236.6015	78302.2525
258	354.1188347368643	3.0418		0.0	50517.82125	0.0	0.0
259	788.54373297567	3.046561		0.0	0.0	29471.903250000003	22375.754
260	760.5128271146571	3.0589333		0.0	0.0	0.0	17776.04875
261	144.06565271823038	3.0658834		0.0	12961.21575	0.0	32545.44875
262	227.10271820577407	3.0685248		0.0	0.0	0.0	34062.33375
263	427.1215682792895	3.0686166		0.0	0.0	0.0	54161.0625
264	184.0734268693313	3.0686667		0.0	0.0	0.0	15077.13675
265	113.0349530823352	3.06965		15595.579	0.0	0.0	0.0
266	405.1393923221572	3.0719333		0.0	0.0	0.0	12984.3625
267	422.166163145348	3.0719333		0.0	0.0	0.0	15578.04875
268	377.1461680328103	3.088608		100944.63175	100913.37625	201081.6025	0.0
269	151.03935255496452	3.0943167		0.0	0.0	0.0	15992.03125
270	476.2187570727438	3.09605		48622.005000000005	0.0	0.0	0.0
271	608.1820420086508	3.0976417		0.0	0.0	0.0	34129.161
272	435.1276177623541	3.1216083		0.0	0.0	0.0	26507.28125
273	295.10281172567693	3.1224387		0.0	0.0	0.0	60834.35675
274	265.128379335456	3.123		0.0	0.0	0.0	14209.0875
275	301.2237086284935	3.123		0.0	0.0	0.0	12668.666
276	414.19702460716127	3.1244042		0.0	0.0	0.0	346622.775
277	419.1524946586025	3.1244042		0.0	0.0	0.0	231984.81374999997
278	509.1266905678315	3.1311333		0.0	0.0	0.0	60661.85
279	193.0499329536386	3.1319888		0.0	0.0	0.0	259784.16499999998
280	575.5040854611451	3.1348374		0.0	0.0	43439.11575	27421.4975
281	180.10215860370374	3.142817		260957.34999999998	0.0	16521.615	0.0
282	387.2123985982632	3.14475		12959.788	0.0	0.0	0.0
283	121.06519062047752	3.1464834		122657.5	0.0	0.0	0.0
284	138.091445275252	3.1542666		43521.625	0.0	0.0	0.0
285	342.15468306038304	3.1542666		14739.3375	0.0	0.0	0.0
286	364.1366286295379	3.1542666		51998.47	0.0	0.0	0.0
287	380.1106916754269	3.1542666		14614.365	0.0	0.0	0.0
288	231.17057404462312	3.1544998		19880.8925	0.0	0.0	36516.825
289	184.06716521200235	3.1587334		0.0	0.0	13938.374	0.0
290	549.4876826086922	3.1627		0.0	0.0	0.0	17435.6915
291	229.1549944288649	3.1653666		0.0	21294.665	0.0	0.0
292	524.1766466573347	3.1655		15581.083	0.0	0.0	0.0
293	288.1266036072975	3.16735		0.0	0.0	0.0	40251.825
294	137.04604719424194	3.1850863		109689.605	78574.306	13008.43	66478.916
295	184.073412036078	3.1878748		0.0	0.0	0.0	31523.6075
296	455.1162271749139	3.19745		0.0	0.0	0.0	265218.8175
297	471.0904727182909	3.19745		0.0	0.0	0.0	62834.8
298	450.1613103043159	3.21337		16032.32	0.0	0.0	2557695.575
299	147.04445946649267	3.2136626		0.0	0.0	0.0	237464.60000000003
300	193.05009750334648	3.2136626		0.0	0.0	0.0	308429.575
301	235.06023677417824	3.2136626		0.0	0.0	0.0	344256.2425
302	253.0710324314336	3.2136626		0.0	0.0	0.0	414504.5425
303	415.123407431637	3.2136626		0.0	0.0	0.0	471165.4725
304	119.04947263447556	3.2142334		0.0	0.0	0.0	48184.17775
305	166.07268049465767	3.223345		87885.7535	101709.20850000001	141235.4625	62365.565749999994
306	146.1178579507888	3.2327998		31694.1805	76201.3325	105308.50749999999	36257.870500000005
307	326.20802613566894	3.2395		0.0	0.0	19925.665	33685.0795
308	202.10764535432764	3.2420833		0.0	0.0	0.0	50709.055
309	186.0764726153897	3.266731		71021.71575	16530.795	29021.1855	24165.535
310	203.10303267946173	3.268818		113934.5475	77607.07	58993.55100000001	37661.485
311	261.13362144659044	3.2718666		0.0	0.0	0.0	16397.78
312	288.1267825672323	3.2755916		0.0	0.0	0.0	41754.082500000004
313	225.0849105722214	3.2757878		334252.1875	258545.95	234416.71749999997	120936.31
314	84.04463960750147	3.2799222		80725.695	45154.4685	35294.00125	27996.6575
315	130.05021318705522	3.284903		243580.27749999997	188536.79	158582.28625	158213.91999999998
316	286.0860876323636	3.2852833		17280.65	27895.584	0.0	15685.245
317	263.1430570716905	3.2870834		0.0	0.0	0.0	12863.045
318	167.09332163350558	3.2938752		59063.205	70531.6435	64395.185000000005	26170.2575
319	271.0928312524355	3.2987		0.0	0.0	0.0	15793.1895
320	398.2022413662169	3.2994373		0.0	0.0	0.0	422751.77125
321	403.1578439145303	3.2994373		0.0	0.0	0.0	194150.92075
322	419.1314657479864	3.2998166		0.0	0.0	0.0	28048.57875
323	249.13348963023543	3.3009334		0.0	0.0	0.0	16639.2025
324	295.10299109187696	3.3149555		0.0	0.0	0.0	91264.91625
325	421.111968279257	3.3452334		0.0	0.0	0.0	12785.794
326	400.18193747837233	3.3453999		0.0	0.0	0.0	151241.68
327	405.137780630214	3.3453999		0.0	0.0	0.0	196833.57
328	112.0506865440108	3.3684833		0.0	0.0	0.0	14120.64
329	403.15780845918295	3.3719332		0.0	0.0	0.0	13216.27
330	379.23404804576114	3.3809917		47634.39750000001	0.0	0.0	0.0
331	265.1548810494593	3.3866415		25710.435	0.0	0.0	13575.541
332	239.05541713899203	3.4136333		0.0	0.0	0.0	31918.851000000002
333	401.1080771494617	3.4136333		0.0	0.0	0.0	30748.13175
334	436.1455826692329	3.4157457		0.0	0.0	0.0	159998.044
335	441.1013837857482	3.4157457		0.0	0.0	0.0	90933.1775
336	420.1873203379356	3.4244833		0.0	0.0	0.0	15101.2925
337	297.05849415174976	3.4340832		0.0	0.0	0.0	13031.36425
338	158.0815977544879	3.4735916		79794.2405	90495.56599999999	96001.36000000002	17053.875
339	222.0796903931445	3.4760475		29853.76575	36989.9025	63867.428	0.0
340	244.0619289049756	3.4774334		29555.613250000002	38275.1025	73780.54250000001	0.0
341	152.05705970645778	3.4801667		12928.98625	15295.64	13155.78125	29593.38825
342	114.06645000465213	3.4986832		0.0	0.0	0.0	18870.265
343	184.0733502300588	3.5008416		0.0	0.0	0.0	29601.91025
344	226.0712476201033	3.507561		18523.0	0.0	35108.1925	30509.2
345	275.11020187264535	3.5091333		0.0	0.0	0.0	19489.8875
346	150.077719803758	3.5095956		105556.035	243095.7175	93752.43974999999	169252.67124999998
347	121.02871560807472	3.5118065		55747.6325	0.0	85709.2025	55647.3625
348	314.0920401632165	3.5141368		51646.92999999999	70966.53749999999	0.0	21321.945
349	254.1503705963163	3.5291002		0.0	0.0	0.0	78341.634
350	188.09218582454704	3.5464833		0.0	0.0	0.0	192739.03
351	441.10075808587	3.5477		0.0	0.0	0.0	13374.885
352	126.06658366333988	3.56715		0.0	45531.145000000004	0.0	34038.0425
353	193.0499660615103	3.568275		0.0	0.0	0.0	35499.6095
354	509.1268471210921	3.5696		0.0	0.0	0.0	16543.459
355	273.1924360102437	3.59855		0.0	0.0	0.0	13638.8505
356	146.11789155078884	3.6263416		0.0	0.0	0.0	34161.61749999999
357	121.02861808731168	3.63045		0.0	0.0	21888.9525	20575.9575
358	267.0978392731412	3.641147		0.0	0.0	130499.64450000001	71068.025
359	289.07998530943706	3.641147		0.0	0.0	138922.9845	68469.05
360	229.09762733537252	3.6488914		14544.086	0.0	0.0	18512.6325
361	184.06714158825287	3.6490166		0.0	0.0	14367.34375	0.0
362	345.14457181025284	3.6615334		0.0	0.0	0.0	12999.3965
363	229.155055166632	3.6721416		0.0	0.0	0.0	88599.705
364	116.0709057807381	3.6730332		0.0	0.0	0.0	20590.8165
365	245.186450719246	3.6730332		0.0	0.0	0.0	13042.5175
366	263.13947457100403	3.68265		0.0	0.0	0.0	16353.625
367	736.5369465752815	3.6860666		0.0	21826.04	0.0	0.0
368	822.2669453976098	3.6890833		0.0	0.0	0.0	79895.594
369	393.2232963012218	3.6906		0.0	0.0	0.0	12608.1975
370	403.2079935323815	3.6979723		128391.55275	51032.354999999996	41760.115000000005	52851.179000000004
371	380.1316441282872	3.6984606		299901.655	175591.055	164391.99	200036.74000000002
372	396.105787990523	3.6996098		78848.8095	31024.69325	29454.978499999997	31437.32675
373	358.15008261928534	3.700255		147877.26249999998	48780.75625	53398.181	76817.06575
374	715.2921269848689	3.70055		36354.8075	0.0	0.0	0.0
375	586.2969218982372	3.70185		0.0	0.0	0.0	25924.795
376	154.0865718831087	3.7024577		298913.305	108261.2025	107330.98375000001	140877.31
377	196.0974184306371	3.7026405		1235297.1400000001	493816.59750000003	442166.4725	573865.095
378	626.2305031372268	3.7172885		233040.315	73187.8175	65441.5825	138929.68625
379	248.14964149746305	3.7340918		0.0	0.0	0.0	48914.887
380	137.04638286002287	3.73689		0.0	267733.15	513833.5625	772639.5249999999
381	269.0883459776456	3.7376149		377296.1275	295543.89749999996	293047.8975	479059.32999999996
382	537.1693338598775	3.7384422		282008.9975	218931.46250000002	226780.54499999998	383967.965
383	307.04408310898395	3.7396667		13664.3425	12956.6575	0.0	0.0
384	497.2361797614439	3.7396834		0.0	0.0	0.0	24431.61125
385	559.1509766023747	3.744073		81764.91	71453.66249999999	86901.40975	76436.53875
386	291.0701797892127	3.7552383		106635.46125000001	115526.1335	105482.4525	92517.019
387	339.290067048394	3.7943807		0.0	14595.5645	95132.59	54523.256
388	211.07139836301832	3.7952166		0.0	0.0	0.0	15618.379
389	235.1193925632266	3.8299665		0.0	0.0	0.0	60927.051
390	337.2738838602836	3.8339043		0.0	0.0	56357.32399999999	17479.86
391	154.09769390506597	3.8339388		13924.708	162617.185	77905.2825	302338.955
392	136.08716895906366	3.83475		0.0	0.0	0.0	28889.38575
393	95.06058517497486	3.8348835		0.0	0.0	0.0	49453.52575
394	242.07749128885573	3.8533		0.0	0.0	0.0	22816.334
395	426.16606527084025	3.8533		0.0	0.0	0.0	13981.19825
396	110.0353543688309	3.8539085		0.0	0.0	0.0	47186.373
397	127.06182698246124	3.8539085		0.0	0.0	0.0	88585.0465
398	259.104165055092	3.8539085		0.0	0.0	0.0	110772.62
399	174.11270908724987	3.86435		0.0	0.0	0.0	13175.7175
400	311.25869667756274	3.8870666		13674.045	0.0	0.0	0.0
401	173.13990948012784	3.8919334		0.0	0.0	0.0	25862.72
402	153.0410535170703	3.8947833		0.0	14642.5525	0.0	0.0
403	611.1610881826914	3.9200168		0.0	0.0	0.0	14298.86125
404	404.15305365751874	3.931179		0.0	0.0	0.0	107482.86175000001
405	220.11809895428385	3.9337249		0.0	0.0	0.0	61527.380000000005
406	374.2291425434349	3.9482834		17702.245	0.0	0.0	0.0
407	238.0943081165406	3.9567416		34047.487250000006	15021.546	17739.52	48275.542499999996
408	231.1130701950633	3.9648035		85798.084	48373.2825	21216.515	78615.62075
409	158.09667999317878	3.9662666		17960.379	0.0	0.0	0.0
410	214.08637574732435	3.9662666		16658.1725	0.0	0.0	0.0
411	492.2078083940264	3.9677		0.0	0.0	0.0	49616.978749999995
412	302.15002496818266	3.9684		0.0	0.0	0.0	17933.166
413	497.163097266542	3.9725666		0.0	0.0	0.0	43555.36125
414	291.1055550690093	3.9798834		18220.6425	0.0	0.0	0.0
415	152.05703222228792	4.0045185		32383.0035	36461.427500000005	50065.0	49875.746
416	142.0864729046454	4.0071		0.0	0.0	0.0	12520.685
417	537.1688396003432	4.015217		0.0	0.0	0.0	16971.26375
418	158.1179616399039	4.015842		0.0	0.0	0.0	543881.74375
419	166.08677142226475	4.01814		428437.09	322371.2475	383828.4575	723435.9125000001
420	137.04608316017544	4.0187		149561.22999999998	28874.9525	27929.7025	290033.4
421	291.0701476864544	4.0199723		13601.5585	0.0	0.0	30400.4725
422	103.0545499761814	4.0203104		63420.305250000005	34424.19425	45064.959	108347.82500000001
423	120.08115387202184	4.020315		790042.1275	590090.5175000001	700065.275	1355271.525
424	131.04951697101887	4.0205336		0.0	0.0	0.0	33001.73825
425	269.0882140950592	4.0253		0.0	0.0	0.0	70892.06875
426	112.05075566178913	4.026429		28161.765	62329.374	68064.00125	136868.72749999998
427	542.2241533277852	4.063355		0.0	0.0	0.0	58035.12075
428	399.12657918657794	4.073258		0.0	0.0	0.0	82666.55725
429	508.2396022889236	4.073258		0.0	0.0	0.0	254790.41499999998
430	86.09672320175484	4.0766864		184700.76	164038.28375	212748.41499999998	262752.9125
431	132.10233344807023	4.0766864		182797.98750000002	163736.37225	206537.46500000003	265276.505
432	184.0736037598625	4.0789332		0.0	0.0	13077.2775	0.0
433	143.03415736893615	4.0819335		0.0	0.0	0.0	130920.775
434	305.086514899521	4.0819335		0.0	0.0	0.0	29986.92375
435	539.2079933619523	4.09155		0.0	0.0	0.0	22886.995
436	539.1372959492797	4.1116166		0.0	0.0	0.0	96571.51999999999
437	648.2500065328176	4.1116166		0.0	0.0	0.0	99932.1325
438	215.13939313945104	4.1125665		0.0	0.0	0.0	15423.046
439	193.05018913547764	4.1212997		0.0	0.0	0.0	36168.72275
440	555.1114040970768	4.1221166		0.0	0.0	0.0	14937.89
441	102.09178072561532	4.1264887		122279.4925	55764.264500000005	164426.895	21880.9475
442	254.1613932885512	4.1526723		0.0	0.0	0.0	43237.501000000004
443	230.18660227168564	4.1550665		0.0	0.0	0.0	184071.3675
444	136.0763369828891	4.1575165		0.0	0.0	0.0	21239.045
445	94.06535764557044	4.1671834		0.0	0.0	0.0	20750.6575
446	209.09227528322128	4.1682167		0.0	0.0	0.0	124919.776
447	192.06581111120417	4.1699877		14345.95	15623.797	34156.7025	202206.27625
448	146.06046341918312	4.17235		0.0	0.0	0.0	41560.059
449	229.1549654771324	4.186275		0.0	0.0	0.0	69676.11499999999
450	399.1261599566724	4.1870832		0.0	0.0	0.0	17835.6425
451	146.09297966216752	4.193212		151880.4475	55762.185	106957.44125	156324.3
452	220.0609900641677	4.2057166		0.0	0.0	0.0	14788.626
453	241.1551983815756	4.2060337		272148.13	155559.81	427793.3325	257328.46
454	237.08737147773567	4.208128		0.0	0.0	12924.89	52084.495
455	299.0701867673051	4.2114167		0.0	0.0	15076.11325	0.0
456	310.1764313055147	4.2189336		16691.42375	19061.0215	54801.822499999995	31997.9805
457	287.1969717577409	4.232829		0.0	0.0	0.0	1353646.575
458	144.1024486123971	4.233554		1652481.4000000001	1114846.346	1213619.575	16397130.75
459	86.09677757229011	4.2532606		131065.12650000001	109308.785	151704.3425	109589.57600000002
460	132.10219398973632	4.254947		116663.66	101776.9075	133729.3485	98379.65325
461	130.08653316292418	4.255574		94842.9975	73127.66249999999	78190.67025	1047248.4500000001
462	144.06566914754688	4.2612023		122751.29250000001	78387.54325	89608.68475	41487.685
463	138.05529278682076	4.261881		116008.4585	72434.7175	81871.916	38063.08625
464	84.08118304185673	4.261992		0.0	0.0	0.0	286392.52999999997
465	126.05547034887933	4.2621937		78187.87650000001	28912.122000000003	55882.60175	12745.57425
466	204.08701368144708	4.2622275		225492.49	143582.526	165105.67750000002	82717.51999999999
467	186.07646987715776	4.262833		221479.625	143055.89250000002	163897.85	89012.51749999999
468	244.079395750966	4.264983		236121.72250000003	154402.165	160942.8675	110412.134
469	260.05343009418254	4.2659082		43754.898250000006	0.0	12928.78125	0.0
470	98.0967104797931	4.2961		0.0	0.0	0.0	14755.9275
471	201.17145765268364	4.296875		0.0	0.0	32803.765	33491.325
472	164.1285312144518	4.298521		13490.414	15685.3925	23019.5215	19791.2075
473	726.281429805686	4.29995		0.0	0.0	0.0	25509.88575
474	508.23948999337534	4.310262		0.0	0.0	0.0	179787.7375
475	415.10027984135576	4.3197002		0.0	0.0	0.0	88754.52375000001
476	399.1265081371505	4.3220835		0.0	0.0	0.0	137121.635
477	612.2128383038041	4.327942		0.0	0.0	0.0	30062.89275
478	184.0735970862378	4.354461		0.0	0.0	33338.386249999996	87712.41500000001
479	244.0793787286394	4.3560476		36656.604999999996	33211.3275	56627.93725	0.0
480	138.05532398871003	4.3628244		26915.07	0.0	59255.9985	65283.305
481	204.0870387821694	4.363167		0.0	0.0	0.0	14096.206
482	169.03607172177905	4.376755		62728.51675000001	33382.6775	55416.8315	71776.956
483	508.2396770104686	4.378988		0.0	0.0	0.0	105224.82275
484	179.07033142034516	4.3800335		0.0	0.0	0.0	56318.7275
485	197.08115545261768	4.3800335		0.0	0.0	0.0	38584.4935
486	215.09154461733715	4.380833		0.0	0.0	0.0	92942.1675
487	235.16567682347025	4.3905196		374223.8275	299649.9	314464.845	110726.515
488	775.2635488617195	4.3943415		0.0	0.0	0.0	42259.2165
489	59.073085777379454	4.3954167		0.0	12738.50875	0.0	0.0
490	399.12662724901145	4.399767		0.0	0.0	0.0	130656.05
491	581.2343513828276	4.4036503		0.0	0.0	0.0	531452.8
492	159.09218804945135	4.408517		0.0	0.0	0.0	14703.124
493	415.1001016577092	4.4106255		0.0	0.0	0.0	126635.30374999999
494	205.0973343782328	4.4177604		89215.72	49851.875	17963.84	231537.01
495	188.07104016748755	4.4201584		509385.57999999996	401959.82999999996	300443.74	1101783.1125
496	146.0604490661978	4.420801		80754.84625	47242.9225	16422.29875	173186.52
497	160.09705000525182	4.451361		0.0	0.0	0.0	101834.8155
498	130.0503189761294	4.4645333		0.0	0.0	14428.794	18520.465
499	211.0692192857064	4.4695463		0.0	0.0	14020.879	57365.2535
500	112.05081875380267	4.4920297		39967.7225	88010.1125	74134.91425	218969.47749999998
501	244.09288715139672	4.492284		0.0	58268.11	39191.75	149773.87
502	487.1790190163256	4.4922833		0.0	101510.95250000001	73587.3125	253528.2175
503	266.0751922996138	4.4943304		0.0	15191.99325	13098.8085	49708.385
504	203.1394572855636	4.4946566		0.0	14615.02825	52362.34925	35784.89
505	282.048850412874	4.49625		0.0	16225.165	15035.629	54206.853
506	208.0972644660962	4.496967		0.0	0.0	0.0	28588.1985
507	217.09769320941749	4.496967		0.0	0.0	0.0	73225.975
508	213.1237109928259	4.5060444		0.0	0.0	0.0	51198.990750000004
509	227.13910309525969	4.5191917		17031.4775	0.0	27613.04875	0.0
510	245.1613870465882	4.5213304		163494.18349999998	175001.1465	531454.1425	735274.5449999999
511	131.11837169969317	4.5239277		20797.0125	27157.0925	0.0	16844.805
512	138.0553878673795	4.528623		262747.4525	258474.8375	226969.63	80776.3825
513	133.0320763388292	4.5303197		165165.265	73585.255	93594.611	161192.09100000001
514	104.05314892649832	4.530326		76850.52249999999	27681.71	0.0	60893.592000000004
515	150.05878313550843	4.530455		142015.13749999998	51877.189	78653.0235	135370.085
516	284.0993218179252	4.558089		67351.91725	21163.0725	87344.47499999999	118335.9625
517	152.057057494717	4.5594106		294598.6725	179970.60499999998	306666.9575	387295.145
518	605.1466088823037	4.5597		0.0	0.0	13018.01075	13128.1065
519	306.08131166437994	4.5621195		68102.4825	36031.939	49735.30900000001	68915.6875
520	322.05536193421983	4.563039		240187.8075	174811.4365	217073.49750000003	212835.30250000002
521	150.11297115397315	4.563749		19772.9425	64227.3075	77921.9595	95810.917
522	282.1200730142887	4.5779357		42355.7625	37675.345	0.0	51729.40000000001
523	418.2295059827572	4.579867		0.0	0.0	0.0	18756.6675
524	144.0657684706826	4.5806665		0.0	0.0	77900.26325	0.0
525	190.05081412752097	4.5833697		74475.35825	28827.629	0.0	131771.79249999998
526	190.0524124525439	4.5919		0.0	0.0	13271.0165	0.0
527	208.0643344599013	4.5919		0.0	0.0	33898.5675	0.0
528	230.04621493339727	4.5919		0.0	0.0	13174.76375	0.0
529	380.1930556841061	4.597883		0.0	0.0	50104.721000000005	0.0
530	126.0665420138828	4.6050997		0.0	36083.3025	0.0	0.0
531	485.12726453219005	4.608683		0.0	0.0	17701.36125	0.0
532	267.13440079682607	4.61145		0.0	0.0	0.0	13930.8145
533	501.1012533641649	4.6163726		0.0	0.0	44417.515	20208.504
534	188.07143509704773	4.6187334		0.0	0.0	0.0	12638.419
535	203.0526534224908	4.6283665		0.0	0.0	0.0	16200.59075
536	210.07982887212304	4.6433334		24303.835	0.0	0.0	0.0
537	803.221976455137	4.646656		0.0	0.0	0.0	51134.902
538	413.1055166986832	4.64685		0.0	0.0	0.0	152549.66249999998
539	429.0801722639919	4.6603084		0.0	0.0	0.0	382169.38499999995
540	147.0444774432315	4.6691837		0.0	0.0	0.0	184337.3485
541	184.0736084471456	4.6691837		0.0	0.0	0.0	110735.87875
542	193.05005876745724	4.6691837		0.0	0.0	0.0	274901.605
543	211.06042793556665	4.6691837		0.0	0.0	0.0	363408.475
544	373.1131962156661	4.6691837		0.0	0.0	0.0	285323.4775
545	408.1506123343829	4.6691837		0.0	0.0	0.0	359504.0825
546	119.04952408530222	4.6700892		0.0	0.0	0.0	70686.7175
547	337.0918821674686	4.682783		0.0	0.0	0.0	16017.3135
548	348.0812773466125	4.6931167		0.0	0.0	16344.248	0.0
549	70.0654302349561	4.694277		43780.41	62589.4015	34756.4225	22396.2325
550	122.07166232533378	4.6961		52783.962250000004	0.0	12571.11	0.0
551	265.11223472904373	4.70675		71473.27725	26268.394500000002	13630.97375	0.0
552	223.10872387471272	4.7109165		0.0	0.0	0.0	23941.405
553	134.0814986280715	4.7187667		0.0	0.0	0.0	47764.89075
554	241.1550379459014	4.733574		45595.3575	31108.837499999998	110939.17125000001	73313.67675
555	415.10101479681487	4.73765		0.0	0.0	0.0	45397.2755
556	163.11598971798583	4.760092		0.0	0.0	0.0	401536.72
557	162.1131648466781	4.767281		2437932.7	3131624.8	4319376.875	4293445.125
558	103.03928683371296	4.770584		85761.37	109249.44	150510.4	150318.9925
559	198.0528651952292	4.7920084		0.0	0.0	0.0	83833.675
560	341.1685943070402	4.792875		0.0	0.0	0.0	29330.750999999997
561	357.14266894608807	4.792875		0.0	0.0	0.0	30499.279000000002
562	319.1866419532002	4.7986584		0.0	0.0	0.0	1705613.035
563	88.07597425409868	4.800094		0.0	0.0	0.0	62795.60125000001
564	393.1005348390012	4.802953		20932.5	87184.0025	72205.29699999999	16698.425
565	160.09731979213035	4.803114		327455.4175	253192.94999999998	228006.4325	11496395.25
566	409.0749811474814	4.8055487		57612.1875	156785.239	145474.2475	30662.8175
567	130.08647841894577	4.812834		62812.47675	78253.50725	98682.90000000001	13413.7625
568	72.08100618563296	4.816526		64930.76699999999	31091.5375	48140.0045	37421.8275
569	158.09287409091309	4.838136		57217.8725	18083.26375	27232.5185	0.0
570	399.1105822983129	4.910429		110919.42	83575.72750000001	97606.04525	73512.27500000001
571	116.07102815415536	4.9121795		2101766.75	1581352.025	2092406.075	2205845.6
572	70.06545467007152	4.913337		660372.9750000001	493414.3125	655653.4349999999	686409.49
573	470.2246965180967	4.9298835		0.0	0.0	0.0	13190.05575
574	539.2087425456308	4.9362335		0.0	0.0	0.0	16165.19925
575	152.05703642943433	4.9471664		0.0	0.0	0.0	31785.616500000004
576	322.0552911543633	4.9471664		0.0	0.0	0.0	34909.67
577	123.05555088771732	4.9555135		71716.86624999999	0.0	0.0	42547.621
578	283.1325426490962	4.9658127		62463.963	60757.968499999995	61342.84725	61952.29375
579	212.1032618460057	4.998035		31125.4025	56617.5265	147782.1525	32046.895
580	206.02512024710737	5.024731		14834.5235	41625.839250000005	29616.0175	15892.96
581	467.1161103177619	5.0255833		0.0	0.0	0.0	17537.8225
582	409.0749099724346	5.0424166		0.0	0.0	15008.42375	0.0
583	198.05301082748184	5.0440083		0.0	0.0	0.0	37053.96
584	206.8860333487308	5.0969353		16271.664	14814.7315	31195.67675	127074.7775
585	122.92486477051342	5.103733		0.0	0.0	0.0	96639.90100000001
586	290.84755819296913	5.103733		0.0	0.0	0.0	77990.39975
587	458.7700987233774	5.1112165		0.0	0.0	0.0	30336.713499999998
588	542.7316144381878	5.1112165		0.0	0.0	0.0	32688.90125
589	388.1450138144992	5.169438		211647.44749999998	135394.6225	235559.89500000002	91349.7475
590	437.0698849618325	5.1705337		65836.525	19248.4025	47882.03625	0.0
591	409.0750383291216	5.1800323		630535.335	506703.3075	529454.145	203825.74500000002
592	263.0832213117104	5.2136087		0.0	0.0	0.0	25817.108500000002
593	294.03804599580235	5.2141337		35107.21000000001	14215.18075	0.0	49722.443
594	124.0396208714785	5.2240305		43750.0625	57480.99175	0.0	0.0
595	293.0638498239119	5.228226		84390.00175	28398.2125	47150.773499999996	28688.3785
596	206.0251957073909	5.2404127		77092.7765	89029.82400000001	72593.6525	75837.51000000001
597	411.0884574641844	5.2448335		0.0	0.0	0.0	13978.63175
598	263.08305836009	5.2562275		12707.90125	12659.55075	12732.34175	41773.832500000004
599	231.1457779881493	5.260469		219877.4575	201933.321	289576.9975	151793.38124999998
600	116.07089510038686	5.2858367		25952.501	0.0	12709.17575	25870.22325
601	409.0749299112601	5.299396		12905.9395	0.0	60614.53625	78949.87
602	227.13924152918847	5.3017836		0.0	0.0	18858.13875	0.0
603	206.0252562457632	5.385608		0.0	0.0	0.0	29380.19375
604	104.07082565086132	5.3886085		0.0	0.0	0.0	25588.023
605	469.0974559650094	5.3937755		43743.5655	13709.1275	0.0	36691.579
606	577.1530881614067	5.4054337		0.0	0.0	0.0	27004.246
607	306.15520866087013	5.425417		0.0	0.0	0.0	31921.2705
608	261.1455505745187	5.4378166		0.0	0.0	0.0	30669.63
609	384.1155747458063	5.4512672		64623.23625	87275.92	28800.569000000003	137455.42250000002
610	252.07335383555383	5.4523835		0.0	0.0	0.0	14516.08875
611	219.1344178251151	5.4535446		55986.82375	0.0	0.0	0.0
612	351.0694234116108	5.4568887		0.0	13148.3915	0.0	45575.65375
613	224.09316455977745	5.46365		0.0	0.0	0.0	14708.2
614	126.09166019691284	5.464638		70919.6315	76640.9215	91067.03275	58261.91649999999
615	184.07368642900505	5.4647784		86231.719	95579.02	104750.4325	137629.1675
616	189.12389597154848	5.464803		203583.6175	251217.48249999998	265767.925	248260.10875
617	307.0329464864418	5.4744415		0.0	0.0	0.0	47460.274999999994
618	228.09747897067737	5.482677		0.0	0.0	61642.86625	38403.46375
619	260.16115643841715	5.485325		0.0	0.0	13969.295	38891.36
620	116.07095659386236	5.4869165		0.0	0.0	0.0	14040.291
621	187.10822453809595	5.494867		0.0	0.0	0.0	50071.0995
622	409.075135348996	5.507333		0.0	0.0	0.0	143046.14125
623	257.0540244161763	5.50957		17982.51	0.0	114383.16	52615.425
624	213.12374168134443	5.5096		0.0	0.0	0.0	67496.7145
625	219.09799474636992	5.510975		0.0	0.0	18925.69	17157.0075
626	241.0801016098452	5.510975		0.0	0.0	24191.6465	17717.74
627	130.05023974501262	5.5111		0.0	0.0	13125.24425	0.0
628	86.06035085816103	5.5189834		0.0	0.0	0.0	14185.31825
629	127.05057743309006	5.521633		12633.2225	0.0	0.0	17179.9025
630	132.06599381180084	5.5256968		0.0	0.0	14570.275	83907.28
631	114.05524966426418	5.526827		16446.6465	0.0	49562.2905	108977.704
632	292.1396135774741	5.5361667		0.0	0.0	0.0	13233.01375
633	176.0920915668261	5.5451913		43626.5325	39904.63	75168.508	0.0
634	203.13939190717244	5.54985		0.0	0.0	13753.83	19448.6075
635	198.0878129393962	5.5854616		70203.91675	76304.3	296322.45499999996	110218.90125000001
636	294.14561434820234	5.5875583		0.0	0.0	29960.786249999997	0.0
637	110.07176792056389	5.588733		0.0	0.0	19140.65625	0.0
638	152.0824418869477	5.588733		0.0	0.0	18688.8225	0.0
639	156.07701520170468	5.588733		0.0	0.0	13372.36625	0.0
640	180.07726053170373	5.588733		0.0	0.0	14693.925	0.0
641	176.09224587263466	5.5984597		146853.475	199266.4725	211471.39750000002	81087.79250000001
642	591.1325361659653	5.609725		0.0	0.0	0.0	37599.27725
643	575.1581416329883	5.6212335		0.0	0.0	0.0	12537.65625
644	383.145262786179	5.6418915		0.0	14053.375	0.0	13333.52825
645	230.1869348118267	5.6474		0.0	0.0	0.0	13836.29875
646	247.1403595575273	5.6476274		0.0	0.0	13983.623	44199.69
647	351.0694590571478	5.6491666		0.0	0.0	0.0	46330.42
648	274.17658890857723	5.6517563		0.0	0.0	44206.481750000006	40220.735
649	335.0955049063294	5.6640253		0.0	0.0	0.0	59030.94875
650	307.10066916674083	5.68745		0.0	0.0	0.0	14552.046
651	197.08999840933532	5.7332387		27668.584	0.0	0.0	40992.276
652	356.07816305183684	5.7585053		0.0	37188.4025	160002.7225	153196.3575
653	200.1033851854848	5.7587833		0.0	0.0	0.0	95731.2505
654	158.08316140285842	5.759072		0.0	0.0	0.0	55127.41275
655	217.1301211593824	5.761304		504025.57249999995	393663.35	113986.94	2574183.975
656	313.03649209294485	5.76771		189389.90250000003	139710.596	228191.315	250371.09249999997
657	245.04887859807573	5.7681284		18373.595	0.0	91117.22275	54719.7775
658	372.1230638284673	5.7690835		0.0	0.0	0.0	38341.322499999995
659	134.01926054563123	5.7742734		218396.6075	151214.839	272609.8975	297204.0675
660	261.0940131660127	5.7758594		47558.145000000004	15718.2425	0.0	250969.4875
661	239.111945617126	5.7759867		19256.4725	0.0	0.0	209292.34749999997
662	269.9941592605544	5.779417		53558.65	52510.20675	91941.225	26305.21875
663	90.97689814606058	5.786506		69779.27375	0.0	62662.636249999996	38856.25125
664	202.006373348512	5.78685		0.0	0.0	14664.78125	0.0
665	226.95185616613728	5.7873545		118294.3875	63848.724749999994	79052.14	104726.95875
666	158.9644934135715	5.787719		132184.2025	54151.981250000004	113181.15350000001	120732.9625
667	164.0296801211821	5.8343062		57357.346000000005	16308.755	16152.97375	53011.5
668	335.0954471478529	5.859975		0.0	0.0	0.0	26316.47925
669	126.02231831446166	5.868038		0.0	18994.17375	128634.38	43463.028999999995
670	365.1060017494021	5.8730545		156929.29249999998	154849.6125	92270.8945	259776.65749999997
671	247.10900990329128	5.87932		80478.32125000001	85480.21625	79513.66225	78117.65424999999
672	245.07490030940383	5.9147706		39027.31875	41182.7025	22060.416	55451.377499999995
673	337.1106505140512	5.9415913		15522.90125	0.0	0.0	69972.74475
674	771.1015230708246	5.953992		26048.8075	23290.1375	0.0	0.0
675	584.0734215601321	5.955776		118250.721	49410.2925	52781.945	0.0
676	397.0456717021568	5.956624		146559.6225	75991.695	100073.20125	0.0
677	210.0174250150926	5.9596677		162435.96500000003	123226.57125000001	136671.94150000002	0.0
678	124.03720842754758	5.964267		91476.93125	43738.75750000001	69288.15275	0.0
679	188.0358809665648	5.9659944		969993.535	712750.1175	876706.2125	264048.86
680	555.1538391745485	5.971258		0.0	13905.7875	13028.2125	0.0
681	217.12972189603693	5.99125		0.0	0.0	0.0	36732.67
682	120.06600607688718	5.9920917		0.0	0.0	0.0	31069.739999999998
683	335.09547086799085	5.99565		0.0	0.0	0.0	87792.41500000001
684	102.05518119584596	6.0000653		74246.26849999999	31372.29	76527.14025	13312.28425
685	74.02401575637136	6.0010996		208181.29	135576.0565	202210.40749999997	94052.05549999999
686	166.05354123498978	6.0011		821078.05	536009.4925	811110.9000000001	361150.3625
687	245.11370709598395	6.0031586		0.0	0.0	0.0	57900.56925
688	191.10277504475152	6.011075		27601.491	0.0	0.0	0.0
689	141.10258938741708	6.0203166		0.0	0.0	0.0	15318.31925
690	205.1185677319525	6.0203166		0.0	0.0	0.0	20420.64
691	184.0737397281543	6.0208173		87630.51074999999	58535.9425	121814.8635	112413.0435
692	203.11419274151177	6.0208416		30630.64575	0.0	0.0	0.0
693	174.0763445024685	6.0217333		0.0	0.0	0.0	52776.53
694	187.10821518934927	6.0219216		49097.2035	0.0	55628.914000000004	251724.695
695	198.07660149344184	6.02315		0.0	0.0	0.0	19582.959
696	381.0796880654455	6.0372		0.0	0.0	0.0	17114.8575
697	252.1445880139537	6.0413833		0.0	0.0	0.0	40551.020000000004
698	365.1060555074365	6.0519533		253172.565	42622.4525	265877.885	356984.175
699	337.1109178818442	6.058817		20303.8325	0.0	0.0	25765.16
700	266.1604415352585	6.0745716		144203.66999999998	0.0	95666.63699999999	140733.74250000002
701	266.1604935245595	6.081683		0.0	0.0	0.0	26788.6825
702	375.1152302195585	6.0921416		0.0	0.0	0.0	27999.91375
703	305.0848639027238	6.10905		0.0	0.0	0.0	401328.88749999995
704	188.03546041534904	6.1192927		66200.775	37433.1975	45810.520000000004	0.0
705	269.16114605535057	6.1210666		0.0	0.0	0.0	13016.6225
706	231.09791967399585	6.1211		0.0	0.0	0.0	20293.5175
707	381.07953835984335	6.121457		36074.91	21821.685	14356.36925	68742.5625
708	286.15145174518733	6.1278834		0.0	0.0	0.0	13059.3775
709	555.1537622228174	6.12869		0.0	41782.880000000005	39122.4075	12765.01075
710	247.1091543728325	6.136817		47983.24525	71785.4635	45077.242249999996	0.0
711	175.10832552331263	6.138913		39666.33	13144.5605	26084.27	0.0
712	151.0482373432837	6.1610518		56969.748999999996	26350.417	44224.49875	29220.9325
713	169.0590319206433	6.161429		85737.87299999999	62437.702999999994	71486.47124999999	63948.924
714	247.1405999484341	6.1680164		0.0	0.0	13833.7675	0.0
715	84.0447294479239	6.1713333		310398.485	173232.66999999998	281175.4225	448814.62750000006
716	130.05017329229463	6.1713333		962701.2150000001	532036.9450000001	883986.5099999999	1427280.825
717	365.1061340518172	6.174876		317714.4925	734602.96	588446.43	331260.45999999996
718	707.2222859688253	6.1792197		39950.182499999995	134023.73500000002	123767.3475	122725.77375000001
719	325.11307448439925	6.180442		0.0	37086.204	24825.46	14363.67875
720	360.15009903594705	6.185233		0.0	15056.4525	14841.895	0.0
721	335.0953495866861	6.2273164		0.0	0.0	0.0	83227.35125
722	104.10739693464464	6.241		0.0	18233.4175	0.0	0.0
723	296.06664977183647	6.241		0.0	14841.1465	0.0	0.0
724	258.1107869223446	6.246357		22473.9785	123735.716	0.0	145136.331
725	316.13987630633136	6.25925		0.0	0.0	0.0	20956.57625
726	155.04323946479423	6.2791414		0.0	0.0	0.0	34501.88075
727	133.06113214634044	6.2830167		0.0	0.0	0.0	13760.047
728	381.0794622359017	6.2915096		59913.960250000004	26162.67875	48714.14	128586.10124999999
729	184.07377003918057	6.3021836		0.0	0.0	0.0	46526.91825
730	276.1556462746587	6.3038335		14709.708	0.0	0.0	13324.078
731	247.108984985734	6.3154955		84462.73375	83158.45599999999	85028.2325	33753.9125
732	254.1116619843747	6.318187		24035.4325	0.0	48488.66	70339.155
733	215.1030423004989	6.318617		0.0	0.0	0.0	15773.375
734	232.1296573538092	6.318617		0.0	0.0	0.0	16319.498
735	270.085406888715	6.318617		0.0	0.0	0.0	18460.37
736	130.05024777322774	6.3211083		0.0	0.0	41000.09625	0.0
737	343.17236176922245	6.321367		0.0	0.0	0.0	13974.7175
738	316.1396936631895	6.332231		12829.5675	0.0	18894.07625	196616.258
739	393.1267227922749	6.3325334		0.0	0.0	0.0	28829.735
740	124.03976130472698	6.3493667		0.0	0.0	0.0	69628.94875000001
741	286.09228786458425	6.3493667		0.0	0.0	0.0	46555.5625
742	527.158812937889	6.3578587		12507.86	13448.24325	0.0	0.0
743	381.0793947161445	6.3727794		18214.8965	107896.87225	49819.457500000004	33349.8875
744	365.1061601485828	6.3763366		329695.22	942677.47	852344.05	805696.175
745	360.150009803654	6.3852334		0.0	27942.285	0.0	0.0
746	163.0607533267222	6.3871		0.0	16390.95125	17387.6325	0.0
747	325.11301979738386	6.3872333		0.0	75615.34325	47052.225	66734.23199999999
748	707.2221821220849	6.389777		62406.935	184704.505	166995.15249999997	156650.9775
749	322.1501867945717	6.396825		0.0	0.0	0.0	124286.277
750	230.1139966785285	6.400133		0.0	0.0	0.0	19319.07
751	233.11356409971856	6.41645		0.0	0.0	31143.586	15154.78625
752	130.05018380707958	6.4333115		364955.6275	304409.3475	383070.95499999996	394979.90750000003
753	84.04471767821188	6.4338884		197008.69999999998	170351.35499999998	207608.2525	207004.3675
754	102.05517404778294	6.4344716		102138.86975	90839.53125	109803.78475	101132.0735
755	148.06078135548205	6.4344683		315947.2	283118.875	345304.09	318097.2425
756	127.03944882806104	6.4575725		13234.57625	0.0	30049.033750000002	0.0
757	289.09223436123455	6.45775		40085.25275	0.0	32144.2675	0.0
758	325.1129286437736	6.458135		585520.7075	326032.60750000004	650384.8049999999	425464.7375
759	360.1503125993815	6.4586987		867388.49	479077.8775	967395.6124999999	620084.0900000001
760	145.04982821805666	6.4587245		153907.41749999998	86916.17575	169804.195	111880.796
761	163.06063340768725	6.459288		216363.83500000002	122217.1675	235845.81	158974.845
762	184.0737562776557	6.4639516		44056.0075	73532.25875000001	86239.12800000001	84101.63875
763	290.13527484075627	6.467034		105575.65950000001	126777.86875000001	25063.33	21746.0225
764	247.10897334443013	6.5154166		0.0	13030.3925	0.0	0.0
765	381.07943990011967	6.517313		25552.25	27429.965750000003	12564.88375	204355.47999999998
766	365.1060973124773	6.52014		497179.9525	288689.0225	479225.78	994622.1000000001
767	325.1129044491446	6.5374336		0.0	0.0	0.0	89572.525
768	360.1501706091449	6.5374336		0.0	0.0	0.0	81833.605
769	163.06069375051527	6.538417		0.0	0.0	0.0	18151.92
770	707.22166388772	6.538417		0.0	0.0	0.0	14353.21
771	198.08536039207988	6.5713086		0.0	31819.662	75749.55	16661.135
772	159.07708472447075	6.5753		0.0	0.0	12836.4075	0.0
773	293.0846695045946	6.5821075		43259.59575	15474.96675	12911.86325	97534.05500000001
774	497.1483785574823	6.594174		55456.90499999999	27462.61	29715.5635	15614.9785
775	527.1586013262119	6.6134224		14642.825	19785.2675	0.0	14275.8165
776	381.0795642559351	6.640452		66701.6385	0.0	30445.33975	51502.7165
777	589.2251602213469	6.6412606		25941.66675	0.0	0.0	14763.355
778	365.10610378693553	6.641863		293842.0625	115715.86624999999	127372.13750000001	307265.4075
779	439.14291197239055	6.6558995		23501.06	34599.3825	15225.5575	0.0
780	203.15078052301607	6.6820893		219834.6275	135702.76249999998	430419.2825	316850.715
781	308.09147357928697	6.6875167		0.0	0.0	18061.0325	0.0
782	330.0733984252807	6.6875167		0.0	0.0	13584.05	0.0
783	163.06078221437386	6.751025		0.0	0.0	0.0	36465.55875
784	325.11283780378824	6.7520294		0.0	0.0	0.0	165639.48325
785	360.15006762568805	6.7520294		0.0	0.0	0.0	180292.35625
786	365.10608596747136	6.7551203		0.0	12782.915	0.0	1132981.375
787	381.0794442939176	6.756204		0.0	0.0	0.0	256631.805
788	589.2249746420018	6.7578		0.0	0.0	0.0	34225.095
789	245.11390416825247	6.758683		0.0	0.0	0.0	14206.16
790	145.04968130654788	6.7600665		0.0	0.0	0.0	14884.958
791	527.1585209654875	6.768833		16859.084	0.0	0.0	0.0
792	288.2033869989385	6.857633		0.0	0.0	0.0	21735.23
793	522.203359048338	6.8796334		0.0	0.0	0.0	13471.09675
794	1031.3279774848424	6.8825135		0.0	48062.6075	82116.46475	81128.207
795	259.1294205543816	6.882856		13264.164	27318.26375	0.0	20111.9785
796	751.2787579039866	6.88365		0.0	12901.2705	0.0	0.0
797	325.1131391858653	6.8841224		0.0	12913.1825	12577.5665	14529.31825
798	543.1327420498457	6.884263		0.0	35395.6225	63062.893500000006	47942.083
799	527.1589139252616	6.8899283		50228.505000000005	244499.32424999998	315531.89749999996	294442.74
800	219.17088809816693	6.925667		0.0	0.0	0.0	12632.9415
801	527.1586463076701	6.96865		0.0	16547.9075	0.0	0.0
802	291.0686079478623	7.00425		0.0	0.0	0.0	18165.92375
803	219.1708783426936	7.0456667		0.0	0.0	13096.765	0.0
804	170.0930855640782	7.0499425		420389.425	328463.9625	526369.6799999999	393162.8125
805	124.08720430089603	7.049948		157280.4585	122476.23000000001	193135.39750000002	147757.1375
806	1031.3281067342168	7.051339		47399.565	55792.4505	66660.33275	47067.3485
807	487.165956154888	7.0554633		0.0	28584.30575	31950.9775	15775.69825
808	522.2030970916226	7.0559077		116401.22875	102720.30600000001	165237.46	124991.59
809	184.0737740069669	7.057383		0.0	0.0	13056.8905	29619.877500000002
810	378.1162132753026	7.0576687		58262.542499999996	22727.7375	180441.1675	198437.15375000003
811	325.1129833851511	7.0579877		51583.55175	64920.26275000001	102436.0875	85955.1815
812	527.1589016168987	7.0646253		266365.29	307574.2	281725.985	207455.0675
813	543.1328167685488	7.065086		31071.38875	64975.08375	60686.787249999994	33120.981
814	229.079857467988	7.086167		0.0	0.0	0.0	18949.395
815	189.1350461746124	7.1097		0.0	0.0	63800.8325	0.0
816	189.16015324589392	7.21599		167082.1425	132306.0	115932.24	124353.505
817	487.165921831059	7.216062		17918.77	14389.5205	24780.5675	15361.546
818	130.0864833166733	7.2161164		14398.8165	0.0	0.0	0.0
819	203.13990412710336	7.21665		17415.195	0.0	24228.2575	0.0
820	1031.3286151336306	7.217644		36628.31725	32629.3075	53782.364	19361.8475
821	543.1328528459393	7.2233024		67233.1735	66438.86525	73996.23575	68012.03
822	527.1589350854584	7.2256856		300860.69499999995	276758.1825	310761.14999999997	281808.08999999997
823	325.11305079166664	7.226978		47523.717	16444.005	54924.44575	29968.3675
824	175.14404981784213	7.2270536		65934.8235	14625.13875	0.0	0.0
825	522.2030451251477	7.2323713		127766.475	85789.65650000001	133602.1875	97513.1975
826	730.2383916797072	7.2673464		257509.94000000003	136654.7815	294114.1475	228158.99250000002
827	205.1549590082144	7.3323917		0.0	0.0	0.0	37827.3505
828	274.1876994807478	7.33745		0.0	0.0	0.0	28574.225
829	203.1029591651944	7.3670335		0.0	0.0	0.0	13742.1875
830	246.1816828207869	7.383373		0.0	0.0	23232.13875	44130.735
831	689.2114641910957	7.3945403		0.0	23949.19	65293.57	59586.4125
832	178.05890849466283	7.468798		78565.0625	71586.405	96046.9035	32272.07125
833	156.07739924989346	7.4705424		889409.8150000001	665078.37	1214227.15	828974.6900000001
834	110.071747681695	7.4729652		562385.8275	419166.3675	759618.9875	520650.07
835	170.09270709226467	7.4972167		29268.88575	0.0	97173.26125	18903.805
836	689.2115889177286	7.544091		29667.1465	18576.82	44872.32425	48996.92
837	158.09286975464977	7.6808767		114690.95349999999	75610.856	104381.87350000002	100358.20375
838	116.0709486233869	7.680887		109395.85250000001	72124.455	97183.925	95566.98375
839	175.11948228714533	7.6820617		2096633.7	1336925.8	1878914.375	1838805.15
840	130.09778549553346	7.683276		65014.591	0.0	47012.074250000005	58231.1515
841	399.23922100551545	7.6919994		365540.2975	270349.9375	341824.3425	300860.78250000003
842	358.1857790818556	7.781717		0.0	0.0	29036.5525	0.0
843	156.07703450797803	7.7888875		35335.2425	79952.65125	188478.6125	119302.90125
844	110.07167937114492	7.796069		45692.4715	51758.01424999999	120183.1025	75816.0565
845	130.0869291546957	7.8240952		454041.495	298622.42	606478.415	496506.05000000005
846	84.08113048317054	7.8246956		164649.70750000002	110838.6485	221908.5575	181872.58000000002
847	198.0893333032588	7.824887		56397.39	42746.314750000005	103130.14749999999	49245.714
848	156.07700707948587	7.890158		98172.48999999999	24609.57625	0.0	0.0
849	110.07165079725844	7.902517		39645.557499999995	16210.544	0.0	0.0
850	358.1855897297045	7.91379		27368.96875	0.0	54522.171	41846.05825
851	381.15538043534286	7.9349165		13927.251	0.0	0.0	0.0
852	133.097432304865	7.984806		12581.3075	12982.708	14777.23925	0.0
853	116.07094432956195	7.9860296		114149.8075	120364.85599999999	118112.1285	29399.475
854	70.06549331991259	7.988039		15091.47075	16591.335	20647.59375	0.0
855	408.1935435443269	8.010866		14979.664	0.0	50578.56375	0.0
856	358.1855229686904	8.064171		42189.716	28513.328	12516.703	34009.57
857	381.15545301214144	8.077961		34913.41025	0.0	0.0	12776.6895
858	188.1760377726457	8.079141		38199.244249999996	147949.91	25257.2225	96833.52500000001
859	358.1855327656553	8.104767		13574.38375	0.0	0.0	0.0
860	86.09686220265121	8.10795		0.0	0.0	17422.955	0.0
861	125.00013287417596	8.178842		0.0	0.0	14768.715	12689.9475
862	86.09680185403171	8.211338		31990.969749999997	0.0	55692.613	32026.230750000002
863	104.10732426682608	8.273286		31596.247499999998	12967.575	75365.621	66846.45575
864	550.2060521344341	8.273321		69457.3575	45681.60725	216581.1975	126099.22350000001
865	389.1215479598791	8.326404		64135.436499999996	58771.22	90866.99	104169.1525
866	86.09682350916621	8.341088		0.0	13551.9875	0.0	32435.591500000002
867	367.1399296840007	8.379933		0.0	109128.57	0.0	0.0
868	206.05549233202947	8.38485		20710.63875	25073.5775	0.0	0.0
869	550.2063154850142	8.38495		0.0	16200.25	0.0	0.0
870	389.12165639058856	8.410112		15893.9335	51237.145000000004	33472.425	0.0
871	110.00896645078149	9.836992		62673.48425	12845.965	56159.10874999999	59906.10475
